,PassengerId,HomePlanet,CryoSleep,Cabin,Destination,Age,VIP,RoomService,FoodCourt,ShoppingMall,Spa,VRDeck,Name,Transported
926,0992_02,Europa,False,D/35/S,TRAPPIST-1e,29.0,False,387.0,942.0,0.0,9927.0,1341.0,Tareson Kiling,False
1500,1592_02,Europa,False,C/60/S,55 Cancri e,47.0,False,16.0,2127.0,1487.0,0.0,196.0,Arid Idivent,True
1390,1455_05,Europa,False,B/62/S,55 Cancri e,76.0,False,0.0,2732.0,422.0,16594.0,330.0,Antino Wassird,False
5915,6273_02,Mars,False,D/196/P,TRAPPIST-1e,32.0,False,2031.0,0.0,28.0,519.0,0.0,Basps Fisty,False
2770,2986_01,Mars,False,E/197/S,TRAPPIST-1e,15.0,False,5711.0,0.0,2516.0,0.0,1370.0,Swaffs Dutty,False
5048,5396_01,Mars,False,F/1109/P,TRAPPIST-1e,,False,743.0,378.0,8.0,0.0,0.0,Rowl Flaie,False
4121,4400_01,Mars,False,E/285/S,TRAPPIST-1e,32.0,False,689.0,0.0,610.0,0.0,0.0,Gibers Sepie,False
3476,3741_01,Europa,True,B/117/P,TRAPPIST-1e,29.0,False,0.0,0.0,0.0,0.0,0.0,Tabik Pulgaly,True
585,0608_01,Earth,False,G/94/P,TRAPPIST-1e,7.0,False,0.0,0.0,0.0,0.0,0.0,Maril Rilley,True
2594,2781_01,Earth,True,G/447/P,TRAPPIST-1e,38.0,False,0.0,0.0,0.0,0.0,0.0,Marice Williotters,False
7056,7509_01,Earth,False,F/1434/S,TRAPPIST-1e,37.0,False,1442.0,4.0,0.0,3.0,0.0,Herina Mcneiley,False
6447,6810_01,Mars,True,E/450/S,TRAPPIST-1e,20.0,False,0.0,0.0,0.0,0.0,0.0,Yots Knik,True
8340,8906_01,Earth,False,F/1723/S,55 Cancri e,19.0,False,720.0,2.0,,,0.0,Rena Gainney,False
6095,6443_02,Earth,True,G/1046/S,55 Cancri e,5.0,False,0.0,0.0,0.0,0.0,0.0,Shanie Cartyernan,True
7288,7790_03,Mars,True,F/1490/S,TRAPPIST-1e,25.0,False,0.0,0.0,0.0,0.0,0.0,Grawk Casty,True
8225,8790_01,Europa,False,D/277/P,55 Cancri e,25.0,False,698.0,4978.0,0.0,146.0,0.0,Charaz Fawnsive,True
4394,4663_04,Earth,False,G/765/S,55 Cancri e,3.0,False,0.0,0.0,0.0,0.0,0.0,Isa Cartez,True
588,0611_01,Earth,True,G/90/S,PSO J318.5-22,31.0,False,0.0,0.0,0.0,0.0,0.0,Paulas Klinson,True
449,0481_01,Earth,True,G/70/S,TRAPPIST-1e,13.0,False,0.0,0.0,0.0,0.0,0.0,Gera Peckerson,True
5964,6323_01,Europa,False,C/235/S,55 Cancri e,48.0,False,3.0,4089.0,0.0,4368.0,147.0,Aldeba Tionstious,False
7616,8136_01,Europa,True,C/268/P,55 Cancri e,26.0,False,0.0,0.0,0.0,0.0,0.0,Alphact Inderad,True
5217,5563_01,Europa,True,C/176/P,TRAPPIST-1e,26.0,False,0.0,0.0,0.0,0.0,0.0,Maham Cattyried,True
6226,6585_02,Earth,,F/1260/S,TRAPPIST-1e,18.0,False,289.0,1809.0,3.0,2.0,2.0,Raque Hornettoney,True
6940,7361_02,Europa,True,C/239/P,55 Cancri e,41.0,False,0.0,0.0,0.0,0.0,0.0,Genubih Rodwative,True
8613,9194_01,,False,E/603/S,55 Cancri e,53.0,False,0.0,4017.0,0.0,13.0,3147.0,,False
2694,2888_01,Mars,False,F/597/P,TRAPPIST-1e,71.0,True,901.0,0.0,1698.0,0.0,0.0,Kad Gele,False
2907,3143_01,Mars,True,F/592/S,55 Cancri e,24.0,False,0.0,0.0,0.0,0.0,,Dous Blane,True
3868,4147_02,Europa,True,C/149/S,TRAPPIST-1e,45.0,False,0.0,0.0,0.0,0.0,0.0,Acrabik Lendly,True
3778,4034_01,Mars,True,E/247/P,TRAPPIST-1e,38.0,False,0.0,0.0,0.0,0.0,0.0,Froon Kité,False
390,0431_01,Mars,True,F/97/P,TRAPPIST-1e,43.0,False,0.0,0.0,0.0,0.0,0.0,Fronch Melto,True
2895,3130_01,Mars,False,F/588/S,TRAPPIST-1e,38.0,False,886.0,0.0,618.0,0.0,0.0,Mall Frasp,False
5327,5693_01,Earth,False,F/1087/S,TRAPPIST-1e,45.0,False,0.0,0.0,2332.0,84.0,0.0,Hellia Blacks,True
2844,3068_01,Earth,False,G/500/P,TRAPPIST-1e,62.0,False,379.0,453.0,0.0,7.0,0.0,Tyrona Mcfarley,False
2239,2399_01,Mars,False,E/169/S,TRAPPIST-1e,25.0,True,854.0,0.0,319.0,0.0,0.0,Stisps Sin,False
8358,8941_02,Mars,False,F/1834/P,TRAPPIST-1e,37.0,False,528.0,0.0,1598.0,62.0,0.0,Spix Perie,True
8359,8941_03,Mars,False,E/575/P,TRAPPIST-1e,14.0,False,1737.0,0.0,336.0,0.0,0.0,Tifet Perie,False
5893,6248_01,Earth,True,G/1012/S,55 Cancri e,10.0,False,0.0,0.0,0.0,0.0,0.0,Jonaye Griffince,True
8417,8989_03,Europa,True,B/291/P,TRAPPIST-1e,29.0,False,0.0,0.0,0.0,0.0,0.0,Graston Invebodene,True
2979,3221_01,Earth,False,G/511/S,PSO J318.5-22,19.0,False,0.0,0.0,616.0,0.0,0.0,Brinez Meadoney,False
7301,7809_02,Mars,True,F/1493/S,TRAPPIST-1e,26.0,False,0.0,0.0,0.0,0.0,,Rhex Sty,True
6793,7176_02,Europa,False,C/232/P,TRAPPIST-1e,26.0,False,0.0,6050.0,0.0,662.0,920.0,Kochard Chhaft,False
8607,9186_01,Mars,True,F/1878/P,TRAPPIST-1e,2.0,False,0.0,0.0,,0.0,0.0,Mass Homin,True
5967,6324_02,Earth,,G/1025/S,55 Cancri e,44.0,False,0.0,0.0,0.0,0.0,0.0,Murie Hinetthews,True
5796,6137_05,Earth,True,G/994/S,TRAPPIST-1e,2.0,False,0.0,0.0,0.0,0.0,0.0,Loree Serry,True
5929,6292_01,Earth,False,G/1020/S,PSO J318.5-22,22.0,False,0.0,0.0,0.0,48.0,653.0,Verly Chardsons,True
7303,7812_01,Mars,False,F/1495/S,TRAPPIST-1e,26.0,False,1333.0,0.0,50.0,0.0,0.0,Blech Depie,False
2640,2822_03,Earth,True,G/450/S,55 Cancri e,3.0,False,0.0,,0.0,0.0,0.0,Rayne Harverez,True
6551,6913_01,Mars,True,F/1324/S,TRAPPIST-1e,49.0,False,0.0,0.0,0.0,0.0,0.0,Slus Hacle,True
7559,8081_01,Europa,False,D/251/P,55 Cancri e,39.0,False,2.0,15450.0,336.0,1.0,904.0,Mesarga Ambleetive,True
8689,9278_01,Earth,True,G/1499/S,PSO J318.5-22,18.0,False,0.0,0.0,0.0,0.0,0.0,Kurta Mondalley,False
4094,4370_01,Earth,False,,TRAPPIST-1e,21.0,False,3.0,1.0,0.0,1494.0,110.0,Estina Vandan,False
8028,8595_01,Mars,True,E/551/P,TRAPPIST-1e,22.0,False,0.0,0.0,0.0,0.0,0.0,Froos Stche,True
4572,4874_01,Mars,False,F/925/S,TRAPPIST-1e,32.0,False,654.0,0.0,655.0,0.0,0.0,Gech Cusa,True
8160,8723_01,Earth,False,F/1794/P,TRAPPIST-1e,38.0,False,32.0,1163.0,0.0,52.0,1935.0,Aleen Traverdy,False
8205,8770_06,Earth,False,F/1808/P,TRAPPIST-1e,0.0,False,0.0,0.0,0.0,0.0,0.0,Nadie Waderoachez,True
8444,9019_01,Earth,False,E/592/S,55 Cancri e,48.0,False,304.0,0.0,164.0,320.0,0.0,Valex Alldson,False
5798,6138_01,Mars,False,E/406/S,TRAPPIST-1e,,False,236.0,699.0,332.0,31.0,0.0,Mos Frie,True
7449,7972_01,Europa,True,B/260/P,55 Cancri e,33.0,False,0.0,0.0,0.0,0.0,0.0,Hadlam Cattyried,True
7553,8075_01,Earth,False,F/1547/S,55 Cancri e,19.0,False,355.0,0.0,0.0,0.0,284.0,Troyce Starkers,False
5747,6094_01,Europa,True,C/227/S,55 Cancri e,30.0,False,0.0,0.0,0.0,0.0,0.0,Terons Brathful,True
7480,8005_01,Earth,False,F/1528/S,55 Cancri e,22.0,False,0.0,15.0,0.0,548.0,124.0,Thel Olivasquez,False
7972,8522_01,Earth,False,F/1751/P,TRAPPIST-1e,27.0,False,3.0,,10.0,4.0,855.0,Ianna Quinnerettt,True
3634,3909_01,Europa,True,C/141/S,TRAPPIST-1e,25.0,False,0.0,0.0,0.0,0.0,0.0,Alcorix Scoudelle,True
5319,5684_04,Europa,True,B/218/S,TRAPPIST-1e,62.0,False,0.0,0.0,0.0,0.0,0.0,Okulus Folhal,True
2720,2919_01,Mars,False,D/96/S,TRAPPIST-1e,43.0,False,13.0,2119.0,315.0,0.0,261.0,Slix Kra,True
4393,4663_03,Earth,True,G/765/S,TRAPPIST-1e,11.0,False,0.0,0.0,0.0,0.0,0.0,Nelsie Roachoanand,True
7860,8383_06,Earth,False,G/1368/P,TRAPPIST-1e,57.0,False,0.0,839.0,1.0,0.0,2.0,Jorgie Gibbsonton,True
5071,5416_04,Mars,False,F/1114/P,55 Cancri e,0.0,False,0.0,0.0,,0.0,0.0,Toats Saf,True
4969,5303_01,Earth,False,,TRAPPIST-1e,9.0,False,0.0,0.0,0.0,0.0,0.0,Patoya Hoffergess,False
8261,8823_01,Mars,True,F/1710/S,TRAPPIST-1e,19.0,False,0.0,0.0,0.0,0.0,0.0,Stax Jamad,True
8482,9068_01,Europa,False,C/337/S,TRAPPIST-1e,31.0,False,1062.0,1605.0,0.0,2718.0,1674.0,Alurops Clinarfork,False
8312,8871_02,Earth,True,G/1432/S,PSO J318.5-22,15.0,False,,0.0,,0.0,0.0,Nadie Benney,True
6662,7022_02,Europa,False,D/215/S,TRAPPIST-1e,46.0,False,0.0,664.0,0.0,2.0,2177.0,Mesonon Bleling,False
5109,5462_01,Mars,False,F/1131/P,TRAPPIST-1e,20.0,False,489.0,126.0,663.0,214.0,0.0,Laptin Part,False
3404,3662_02,Europa,True,B/142/S,55 Cancri e,38.0,False,0.0,0.0,0.0,0.0,0.0,Betenar Poselfle,True
8010,8573_02,Earth,True,G/1378/S,TRAPPIST-1e,18.0,False,0.0,0.0,0.0,0.0,0.0,Toniel Mirezavis,True
8386,8964_02,Mars,False,F/1734/S,TRAPPIST-1e,0.0,False,0.0,0.0,0.0,0.0,0.0,Tornes Grean,True
6006,6360_01,Europa,False,A/75/S,TRAPPIST-1e,0.0,,0.0,0.0,0.0,0.0,0.0,Erraiam Clumsty,True
1234,1308_03,Europa,False,E/94/S,55 Cancri e,37.0,False,0.0,439.0,0.0,3198.0,6.0,Grafi Plegred,False
5594,5957_01,Europa,True,B/203/P,55 Cancri e,17.0,False,0.0,0.0,0.0,0.0,0.0,Arrain Chuble,True
137,0149_01,Earth,True,G/27/S,55 Cancri e,,False,0.0,0.0,0.0,0.0,0.0,Billya Hubbarrison,True
3135,3384_02,Earth,False,E/207/P,TRAPPIST-1e,25.0,False,106.0,46.0,,0.0,843.0,Keithy Pettyreeman,False
1739,1853_01,Earth,True,G/302/P,TRAPPIST-1e,14.0,False,0.0,0.0,0.0,0.0,0.0,Annez Webstenson,True
962,1024_03,,False,G/152/P,55 Cancri e,54.0,False,0.0,5.0,0.0,594.0,209.0,Bellee Chavezalez,False
801,0848_01,Mars,True,F/175/P,TRAPPIST-1e,30.0,False,0.0,0.0,0.0,0.0,0.0,Sts Raca,True
4474,4756_02,Europa,True,C/188/S,55 Cancri e,54.0,False,0.0,0.0,,0.0,0.0,Beidus Gealloyalt,True
3712,3992_01,Earth,False,F/756/S,PSO J318.5-22,51.0,False,0.0,0.0,10.0,1098.0,0.0,Sta Barrelliver,False
1741,1855_01,Earth,True,G/303/P,TRAPPIST-1e,0.0,False,0.0,0.0,0.0,0.0,0.0,Ellena Jenson,True
8558,9137_01,Mars,False,F/1872/P,TRAPPIST-1e,35.0,False,3.0,1376.0,11.0,0.0,360.0,Sugard Curry,False
2236,2396_02,Earth,False,G/386/S,TRAPPIST-1e,30.0,False,854.0,0.0,30.0,0.0,0.0,Sallie Handertiz,False
4355,4635_01,Earth,True,G/755/P,PSO J318.5-22,16.0,False,0.0,0.0,0.0,0.0,0.0,Delley Pearsalason,True
4011,4272_01,Earth,False,F/799/S,TRAPPIST-1e,55.0,False,0.0,252.0,1.0,0.0,553.0,Dandra Stroyledgez,True
3448,3713_01,Europa,True,C/133/S,TRAPPIST-1e,56.0,False,0.0,0.0,0.0,0.0,0.0,Alraida Trattle,True
989,1051_01,Earth,False,F/197/S,TRAPPIST-1e,21.0,False,2.0,447.0,81.0,74.0,,Frandy Warrison,False
6929,7350_01,Earth,True,G/1192/S,TRAPPIST-1e,48.0,False,0.0,,0.0,0.0,0.0,Stene Strongers,True
522,0560_01,Earth,False,G/81/S,TRAPPIST-1e,4.0,False,0.0,0.0,0.0,0.0,0.0,Anniey Hortez,False
930,0992_06,Europa,False,D/35/S,55 Cancri e,37.0,False,4301.0,791.0,0.0,1748.0,91.0,Weidus Kiling,False
5936,6302_01,Earth,False,F/1305/P,TRAPPIST-1e,40.0,False,0.0,175.0,0.0,11.0,537.0,Idacey Mullon,False
5901,6254_02,Europa,True,B/243/S,TRAPPIST-1e,59.0,False,0.0,0.0,0.0,0.0,0.0,Sadra Pokeck,True
2816,3034_01,Europa,False,,TRAPPIST-1e,40.0,False,0.0,0.0,0.0,0.0,0.0,Dscheat Noxnuther,False
4087,4362_01,Europa,False,B/168/S,TRAPPIST-1e,43.0,False,0.0,1947.0,0.0,0.0,1651.0,Altar Freednal,True
384,0425_03,Mars,True,F/96/P,TRAPPIST-1e,31.0,False,0.0,0.0,0.0,0.0,0.0,Ree Fiha,True
1358,1430_01,Earth,False,F/283/P,TRAPPIST-1e,14.0,False,360.0,0.0,2116.0,1.0,8.0,Lina Popez,False
1887,2013_01,Earth,False,F/398/P,TRAPPIST-1e,17.0,False,0.0,0.0,0.0,0.0,804.0,Emmax Water,False
1105,1169_01,Mars,,F/221/S,TRAPPIST-1e,40.0,False,2357.0,0.0,9.0,0.0,0.0,Tifet Sin,False
415,0453_02,Europa,True,,55 Cancri e,34.0,False,0.0,0.0,0.0,0.0,0.0,Minopus Taptiritty,True
669,0699_01,Mars,True,F/126/S,,18.0,False,0.0,0.0,0.0,0.0,0.0,Roswal Sha,True
346,0381_02,Europa,True,B/16/P,55 Cancri e,38.0,False,0.0,0.0,,0.0,0.0,Aston Mosteraked,True
6112,6451_01,Mars,False,,,37.0,False,610.0,,410.0,148.0,14.0,Carkes Panad,False
4189,4469_02,Europa,False,B/146/P,55 Cancri e,43.0,False,0.0,39.0,327.0,4643.0,85.0,Coxan Windend,False
2093,2238_01,Europa,True,A/28/S,55 Cancri e,25.0,False,0.0,0.0,0.0,0.0,0.0,Wasalm Droning,True
2574,2760_02,Earth,True,G/438/S,TRAPPIST-1e,2.0,False,0.0,0.0,0.0,0.0,0.0,,False
3010,3262_01,Earth,False,F/681/P,TRAPPIST-1e,32.0,False,0.0,632.0,0.0,0.0,0.0,Jodia Pottmanley,False
8570,9152_01,Earth,True,G/1491/P,TRAPPIST-1e,39.0,False,0.0,0.0,0.0,0.0,0.0,Jaimer Mirezavis,True
31,0028_01,Mars,False,F/8/P,TRAPPIST-1e,43.0,False,1125.0,0.0,136.0,48.0,0.0,Ceros Mare,False
6317,6674_05,Europa,False,E/426/P,TRAPPIST-1e,25.0,False,0.0,4.0,0.0,1525.0,475.0,Jihda Swirring,False
707,0740_03,Europa,False,C/24/P,TRAPPIST-1e,41.0,False,3594.0,3425.0,0.0,0.0,58.0,Thab Sageng,False
4060,4337_01,Mars,False,F/813/S,TRAPPIST-1e,49.0,False,22.0,0.0,1129.0,0.0,77.0,Book Gele,True
2480,2661_01,Earth,False,F/515/S,TRAPPIST-1e,19.0,False,1.0,4.0,0.0,750.0,3.0,Leene Vandan,False
594,0618_01,Earth,False,G/95/P,55 Cancri e,21.0,False,0.0,0.0,908.0,49.0,0.0,Philda Yorkland,True
68,0072_01,Earth,False,F/17/S,TRAPPIST-1e,14.0,False,0.0,1.0,0.0,0.0,1063.0,Thell Brantuarez,False
5639,5994_01,Earth,False,F/1236/P,55 Cancri e,23.0,,94.0,132.0,0.0,967.0,5.0,Emilla Kerristicey,False
1853,1976_07,Europa,True,B/82/S,TRAPPIST-1e,25.0,False,0.0,0.0,0.0,0.0,0.0,Alaslon Craleve,True
4686,4997_01,Europa,True,C/156/P,TRAPPIST-1e,52.0,False,0.0,0.0,0.0,0.0,0.0,Diphah Disgul,True
5524,5887_02,Earth,False,F/1217/P,,51.0,False,201.0,574.0,40.0,0.0,11.0,Ryanne Cochrisons,False
8007,8571_01,Mars,False,F/1651/S,TRAPPIST-1e,26.0,False,5757.0,0.0,206.0,0.0,0.0,Yots Repie,False
504,0540_01,Mars,True,F/95/S,TRAPPIST-1e,31.0,False,0.0,0.0,0.0,0.0,0.0,Jell Conie,True
5052,5401_01,Earth,False,G/869/P,TRAPPIST-1e,44.0,False,0.0,0.0,5.0,30.0,777.0,Shalle Savaraldez,False
7350,7865_01,Europa,True,C/293/S,PSO J318.5-22,30.0,False,0.0,0.0,0.0,0.0,0.0,Celava Secont,True
749,0788_01,Earth,False,F/166/P,55 Cancri e,16.0,False,797.0,0.0,0.0,0.0,0.0,,False
4324,4607_01,Earth,False,G/751/P,PSO J318.5-22,23.0,False,0.0,138.0,4.0,412.0,220.0,Ronard Hoppers,False
6583,6947_01,Europa,True,B/264/S,TRAPPIST-1e,13.0,False,0.0,0.0,0.0,0.0,0.0,Becruxa Coudered,True
2514,2701_01,Earth,True,G/428/S,PSO J318.5-22,20.0,False,0.0,0.0,0.0,0.0,0.0,Cliney Thorney,True
7746,8267_02,Mars,True,F/1701/P,TRAPPIST-1e,25.0,False,0.0,0.0,0.0,0.0,0.0,Berers Cla,True
3695,3968_01,Earth,True,G/650/P,TRAPPIST-1e,17.0,False,0.0,0.0,0.0,0.0,0.0,Louisa Briggins,False
1531,1624_03,Earth,,G/250/S,TRAPPIST-1e,4.0,False,0.0,0.0,0.0,0.0,,Eristy Barbes,True
5182,5529_01,Europa,False,C/174/P,55 Cancri e,39.0,False,5645.0,132.0,0.0,1.0,1814.0,Sabi Unfile,False
1671,1770_01,Europa,True,B/75/S,55 Cancri e,15.0,False,0.0,0.0,0.0,0.0,0.0,Tauxon Wincer,True
396,0436_01,Earth,False,G/63/S,55 Cancri e,10.0,False,0.0,0.0,0.0,0.0,0.0,Sallyl Hodes,True
7337,7851_01,Mars,True,F/1629/P,TRAPPIST-1e,46.0,False,0.0,0.0,0.0,0.0,0.0,Ales Cha,True
2089,2234_07,Mars,,F/448/P,TRAPPIST-1e,24.0,False,2538.0,0.0,61.0,0.0,0.0,Sumpid Gread,False
8491,9072_03,Mars,False,F/1758/S,TRAPPIST-1e,23.0,False,455.0,10.0,591.0,232.0,0.0,Stoate Creke,False
6438,6796_01,Earth,False,G/1104/P,TRAPPIST-1e,31.0,False,470.0,0.0,0.0,182.0,52.0,Arlen Kellyons,False
7977,8535_01,Earth,False,F/1642/S,55 Cancri e,23.0,False,348.0,210.0,0.0,0.0,1.0,Hilley Petton,False
8434,9009_01,Earth,True,G/1459/P,PSO J318.5-22,19.0,False,0.0,0.0,0.0,0.0,0.0,Dellia Shephendry,True
5373,5738_01,Earth,True,G/929/S,TRAPPIST-1e,18.0,False,0.0,0.0,0.0,0.0,0.0,Ritany Morelly,True
2356,2540_01,Mars,False,E/177/S,TRAPPIST-1e,24.0,False,345.0,0.0,451.0,0.0,582.0,Weers Chort,False
5587,5951_01,Earth,False,F/1133/S,55 Cancri e,21.0,False,423.0,0.0,172.0,0.0,,Patoya Landolphrey,False
4245,4514_01,Earth,True,G/736/S,TRAPPIST-1e,16.0,False,0.0,0.0,0.0,0.0,0.0,Jacque Cleman,True
4289,4569_02,Europa,,B/151/P,55 Cancri e,37.0,False,0.0,2235.0,7.0,4098.0,89.0,Aldah Honchoe,False
6877,7279_01,Europa,True,C/236/P,55 Cancri e,38.0,False,0.0,0.0,0.0,0.0,0.0,Halsham Prombled,True
295,0327_01,Earth,False,,TRAPPIST-1e,19.0,False,17.0,0.0,784.0,0.0,2.0,Jasony Ocherman,True
2303,2477_02,Europa,True,C/86/P,55 Cancri e,50.0,False,0.0,0.0,0.0,0.0,0.0,Hasich Suptibler,True
4144,4427_02,Europa,False,D/141/S,TRAPPIST-1e,31.0,False,0.0,46.0,0.0,209.0,2908.0,Cheleon Dedentive,False
549,0579_01,Earth,False,F/108/S,TRAPPIST-1e,55.0,False,53.0,790.0,37.0,0.0,0.0,Greggy Trankliney,True
2157,2308_02,Europa,False,D/77/S,55 Cancri e,49.0,False,9.0,2426.0,95.0,1249.0,168.0,Beten Pringrous,False
2796,3020_01,Europa,False,B/112/S,TRAPPIST-1e,37.0,False,0.0,216.0,0.0,5391.0,3372.0,Tard Monfulewss,False
1570,1662_01,Earth,False,F/314/S,PSO J318.5-22,20.0,False,127.0,0.0,0.0,542.0,0.0,Wenise Sterson,False
7428,7944_01,Europa,False,D/230/S,TRAPPIST-1e,15.0,False,31.0,804.0,1.0,4732.0,2577.0,Achira Reewerpic,False
3795,4049_01,Europa,True,A/47/S,55 Cancri e,25.0,False,0.0,0.0,0.0,0.0,0.0,Schyon Pokematic,False
8327,8891_01,Earth,False,F/1831/P,TRAPPIST-1e,24.0,False,1186.0,0.0,381.0,3.0,173.0,Jimmyn Pooley,True
514,0551_01,Earth,False,G/80/S,TRAPPIST-1e,42.0,False,126.0,0.0,266.0,445.0,12.0,Stene Bradlerson,False
4042,4318_01,Mars,True,F/808/S,TRAPPIST-1e,25.0,False,0.0,0.0,0.0,0.0,0.0,Oalls Flate,True
3808,4066_02,Europa,True,B/155/S,TRAPPIST-1e,22.0,False,0.0,0.0,0.0,0.0,0.0,Diramak Objeciane,True
7285,7789_01,Earth,False,F/1489/S,TRAPPIST-1e,32.0,False,,368.0,0.0,304.0,741.0,Pattie Whitledges,False
1205,1286_01,Mars,True,F/248/S,TRAPPIST-1e,10.0,False,0.0,0.0,0.0,0.0,0.0,Jackix Fache,True
4108,4387_01,Mars,False,F/902/P,PSO J318.5-22,32.0,False,192.0,0.0,441.0,18.0,0.0,Apix Wala,False
1317,1395_01,Earth,False,G/214/S,TRAPPIST-1e,7.0,False,0.0,0.0,0.0,0.0,0.0,Willah Fryes,True
3738,4005_03,Earth,False,G/657/P,TRAPPIST-1e,4.0,False,0.0,0.0,0.0,0.0,0.0,Cliney Castannison,False
5895,6250_01,Earth,False,G/1013/S,TRAPPIST-1e,28.0,False,,0.0,887.0,0.0,0.0,Elany Roses,True
4204,4482_02,Earth,False,G/732/S,TRAPPIST-1e,9.0,False,0.0,0.0,0.0,0.0,0.0,Idave Anthompson,True
6930,7351_01,Europa,True,D/221/S,55 Cancri e,36.0,False,0.0,0.0,0.0,,0.0,Sularon Loring,True
4566,4864_01,Earth,False,G/784/P,55 Cancri e,24.0,False,0.0,0.0,0.0,734.0,21.0,,False
8621,9197_02,Europa,False,C/308/P,,41.0,True,0.0,7964.0,0.0,3238.0,5839.0,Aludram Platch,False
79,0085_01,Europa,True,C/5/S,TRAPPIST-1e,40.0,False,0.0,0.0,0.0,0.0,0.0,Furudah Ellcefulve,True
2475,2655_01,Earth,True,G/422/S,TRAPPIST-1e,30.0,False,0.0,0.0,0.0,0.0,0.0,Benny Ballocks,False
581,0603_01,Earth,False,F/126/P,TRAPPIST-1e,21.0,False,0.0,0.0,12.0,0.0,747.0,Lyny Scheron,False
6303,6669_01,Earth,False,E/423/P,55 Cancri e,28.0,False,32.0,0.0,304.0,291.0,2.0,Delley Kiddley,True
6696,7068_01,Earth,False,F/1350/S,PSO J318.5-22,45.0,False,0.0,0.0,0.0,0.0,595.0,Irmark Mcfaddenson,False
2625,2809_01,Earth,True,G/453/P,TRAPPIST-1e,41.0,False,0.0,0.0,0.0,0.0,0.0,Dianie Ellahan,True
1821,1946_01,Earth,False,G/313/P,TRAPPIST-1e,34.0,False,0.0,0.0,53.0,731.0,0.0,Rayley Castannison,False
8389,8967_01,Earth,False,G/1445/S,TRAPPIST-1e,18.0,False,13.0,822.0,27.0,0.0,46.0,Maryn Mayson,False
1438,1520_01,Earth,True,G/235/S,TRAPPIST-1e,40.0,False,0.0,0.0,0.0,0.0,0.0,Harrie Klindsey,True
3946,4212_01,,True,G/690/S,TRAPPIST-1e,28.0,False,0.0,0.0,0.0,,0.0,Kenny Yanton,True
1669,1768_01,Earth,False,G/276/S,TRAPPIST-1e,,False,0.0,24.0,0.0,732.0,0.0,Artis Beckeey,False
1634,1730_01,Earth,False,E/106/P,55 Cancri e,17.0,False,68.0,0.0,0.0,0.0,795.0,Elson Curton,True
324,0361_01,Earth,False,F/68/S,55 Cancri e,33.0,False,0.0,36.0,0.0,280.0,417.0,Virgie Headardyer,True
2977,3219_01,Mars,True,E/214/S,TRAPPIST-1e,39.0,False,0.0,0.0,0.0,0.0,0.0,Vuls Paska,False
3793,4046_01,Earth,True,G/664/P,PSO J318.5-22,14.0,False,0.0,0.0,0.0,0.0,0.0,Elina Santantines,True
1723,1829_06,Europa,False,D/56/P,TRAPPIST-1e,29.0,False,0.0,699.0,0.0,0.0,1955.0,Ankark Persed,False
3561,3830_01,Earth,False,G/627/S,55 Cancri e,34.0,False,71.0,0.0,242.0,393.0,0.0,Racey Powery,False
400,0438_01,Europa,True,B/13/S,TRAPPIST-1e,40.0,False,,0.0,0.0,0.0,0.0,Dyonon Diateous,True
8531,9108_02,Earth,False,G/1468/S,TRAPPIST-1e,37.0,False,15.0,7.0,0.0,786.0,0.0,Alvia Shawforden,False
7608,8129_04,Earth,False,F/1683/P,55 Cancri e,27.0,False,3.0,13.0,0.0,0.0,788.0,Millie Casonston,False
7436,7950_03,Earth,False,E/516/P,55 Cancri e,22.0,False,10.0,0.0,624.0,0.0,85.0,Done Ingston,True
5074,5421_01,Earth,False,G/873/S,TRAPPIST-1e,37.0,False,389.0,0.0,1.0,3369.0,3.0,Carlie Steinardson,False
6225,6585_01,Earth,True,G/1071/S,TRAPPIST-1e,21.0,False,0.0,0.0,0.0,0.0,0.0,Becca Hornettoney,True
3480,3744_01,Mars,False,E/249/S,PSO J318.5-22,34.0,True,0.0,490.0,869.0,0.0,0.0,Denuts Ropie,True
3442,3710_01,Earth,False,G/601/P,55 Cancri e,35.0,False,432.0,0.0,377.0,0.0,0.0,Brie Loverceson,False
7106,7574_01,Europa,True,B/287/S,55 Cancri e,33.0,False,0.0,0.0,0.0,0.0,0.0,Nunkib Alindiveng,True
6973,7405_01,Earth,False,F/1419/S,TRAPPIST-1e,23.0,False,0.0,1089.0,311.0,0.0,0.0,Hellia Steeletters,True
8380,8961_01,Earth,True,G/1455/P,TRAPPIST-1e,1.0,False,,0.0,0.0,0.0,0.0,Mariel Blancoy,True
349,0383_02,Earth,True,G/55/S,PSO J318.5-22,34.0,False,0.0,0.0,0.0,0.0,0.0,Evane Wagnerray,False
839,0902_01,Earth,False,F/188/P,TRAPPIST-1e,18.0,False,200.0,124.0,0.0,413.0,0.0,Duana Jacostaney,True
6848,7238_01,Mars,False,F/1499/P,,60.0,False,180.0,0.0,414.0,1181.0,0.0,Totax Tirt,False
8602,9180_01,Mars,False,F/1774/S,TRAPPIST-1e,37.0,False,148.0,0.0,684.0,1446.0,88.0,Chal Emone,False
2969,3215_01,,True,G/508/S,TRAPPIST-1e,14.0,False,0.0,0.0,0.0,0.0,0.0,Gretty Warrison,True
1536,1630_01,Earth,True,G/252/S,PSO J318.5-22,1.0,False,0.0,0.0,0.0,0.0,0.0,Rayne Cofferson,True
7861,8383_07,Earth,False,G/1368/P,TRAPPIST-1e,11.0,False,0.0,0.0,0.0,0.0,0.0,Elica Gibbsonton,False
5999,6349_01,Mars,False,F/1314/P,TRAPPIST-1e,18.0,False,593.0,0.0,508.0,0.0,12.0,Lers Frasp,True
319,0357_01,Earth,False,F/65/S,TRAPPIST-1e,41.0,False,,1198.0,0.0,124.0,572.0,Eduard Mcleaney,False
8506,9080_01,Earth,False,F/1857/P,TRAPPIST-1e,22.0,False,34.0,0.0,0.0,711.0,0.0,Willah Kenzierry,False
1942,2081_01,Earth,False,F/411/P,PSO J318.5-22,17.0,False,8.0,911.0,0.0,0.0,0.0,Brie Moodsey,True
6004,6356_01,,False,F/1316/P,TRAPPIST-1e,44.0,False,0.0,0.0,0.0,729.0,397.0,Almara Currisones,True
4744,5061_02,Europa,False,C/196/S,TRAPPIST-1e,54.0,False,0.0,8246.0,0.0,56.0,118.0,Mediton Patoetic,True
6098,6443_05,Earth,False,F/1229/S,TRAPPIST-1e,16.0,False,45.0,0.0,622.0,0.0,564.0,Kimena Cartyernan,False
5050,5397_02,Mars,True,D/162/S,TRAPPIST-1e,8.0,False,0.0,0.0,0.0,0.0,0.0,Quid Jamai,True
312,0347_01,Mars,False,F/64/S,TRAPPIST-1e,27.0,False,434.0,0.0,1434.0,0.0,0.0,Cousk Kraie,False
6754,7127_02,Europa,True,B/237/P,TRAPPIST-1e,31.0,False,0.0,0.0,,0.0,0.0,Okulk Belstrut,True
1657,1760_01,Earth,False,F/336/S,TRAPPIST-1e,50.0,False,742.0,21.0,10.0,26.0,4.0,Elicey Cardsay,False
1720,1829_03,Europa,False,D/56/P,TRAPPIST-1e,22.0,False,0.0,8882.0,21.0,2204.0,19.0,Luxion Clumshangs,True
5012,5354_02,Mars,False,E/339/S,TRAPPIST-1e,28.0,False,0.0,0.0,0.0,0.0,0.0,Bares Kraie,False
3250,3490_01,Europa,False,D/111/P,TRAPPIST-1e,29.0,False,4.0,3439.0,0.0,0.0,0.0,Meropus Sprender,True
257,0285_01,Europa,True,E/16/P,TRAPPIST-1e,14.0,False,0.0,0.0,0.0,0.0,0.0,Krabik Invebodene,True
7396,7904_01,Earth,True,,TRAPPIST-1e,53.0,False,0.0,0.0,0.0,0.0,0.0,Joelan Pughlinsons,True
982,1045_01,Europa,False,C/38/P,TRAPPIST-1e,37.0,False,0.0,0.0,0.0,0.0,0.0,Halsham Unteckery,False
6728,7096_03,Europa,True,C/260/S,TRAPPIST-1e,30.0,False,0.0,0.0,0.0,0.0,0.0,Aspica Tashal,True
7960,8504_01,Earth,False,F/1744/P,TRAPPIST-1e,44.0,False,0.0,0.0,2036.0,2.0,1.0,Catha Moranthons,True
7591,8117_02,Europa,False,B/319/S,TRAPPIST-1e,24.0,False,0.0,809.0,0.0,4928.0,143.0,Caiamin Pernised,False
3411,3677_01,Earth,False,F/694/S,PSO J318.5-22,24.0,False,105.0,0.0,37.0,518.0,0.0,Glenna Valezaley,False
1208,1287_03,Mars,False,F/259/P,TRAPPIST-1e,21.0,False,733.0,0.0,1084.0,1.0,43.0,Diles Pimne,False
87,0092_03,Earth,True,G/9/P,TRAPPIST-1e,3.0,False,0.0,0.0,0.0,0.0,0.0,Tiney Hewson,True
4658,4965_01,Earth,,E/308/P,TRAPPIST-1e,21.0,False,457.0,79.0,1134.0,0.0,0.0,Calvia Corman,False
395,0435_01,Earth,True,G/62/S,TRAPPIST-1e,17.0,False,0.0,0.0,0.0,0.0,0.0,Allie Willynnedy,True
6109,6449_02,Mars,False,F/1231/S,TRAPPIST-1e,36.0,False,636.0,0.0,168.0,1795.0,0.0,Squars Empie,False
5010,5353_02,Europa,False,B/205/S,TRAPPIST-1e,39.0,False,43.0,9365.0,144.0,0.0,118.0,Weidus Reelest,True
1254,1326_02,Mars,False,F/257/S,TRAPPIST-1e,19.0,False,1507.0,0.0,260.0,0.0,0.0,Stote Gelte,False
3590,3862_04,Mars,False,D/124/S,TRAPPIST-1e,13.0,False,974.0,0.0,1883.0,0.0,505.0,Herms Cako,False
8035,8599_01,Earth,False,G/1383/S,55 Cancri e,14.0,False,547.0,145.0,5.0,0.0,9.0,Lynnie Scottuez,False
3151,3401_01,Earth,False,G/545/S,TRAPPIST-1e,18.0,False,0.0,0.0,1435.0,0.0,,Karene Fisheparks,True
1896,2026_03,Earth,False,G/323/S,TRAPPIST-1e,20.0,False,0.0,4.0,429.0,0.0,287.0,Heald Alldson,False
6117,6454_01,Earth,True,G/1046/P,TRAPPIST-1e,44.0,False,0.0,0.0,0.0,0.0,,Tin Byerton,True
6418,6779_02,Europa,True,B/258/S,55 Cancri e,14.0,False,,0.0,0.0,0.0,0.0,Alhail Stioutody,True
7589,8116_01,Mars,False,D/252/P,55 Cancri e,28.0,False,49.0,0.0,0.0,2.0,1136.0,Ties Prin,False
2288,2458_01,Earth,False,F/511/P,TRAPPIST-1e,21.0,False,31.0,93.0,578.0,0.0,0.0,Rald Mcphernard,True
5651,6008_01,Earth,False,F/1238/P,PSO J318.5-22,24.0,,0.0,73.0,617.0,0.0,0.0,Raceky Cookson,True
6472,6827_04,Europa,,A/84/S,TRAPPIST-1e,12.0,False,0.0,0.0,0.0,0.0,0.0,Alramak Listive,True
1994,2133_01,Mars,False,D/74/S,TRAPPIST-1e,,False,1054.0,0.0,43.0,85.0,0.0,Caish Chrie,False
4164,4446_05,Europa,,B/175/S,TRAPPIST-1e,33.0,False,0.0,4017.0,,,2260.0,Phah Chocaters,True
1995,2133_02,Mars,True,F/416/S,TRAPPIST-1e,16.0,False,0.0,0.0,0.0,0.0,0.0,Elfs Chrie,True
2014,2149_01,Europa,True,B/89/S,TRAPPIST-1e,18.0,False,0.0,0.0,0.0,0.0,0.0,Altares Persed,True
1319,1398_01,Earth,False,G/216/P,TRAPPIST-1e,28.0,False,0.0,508.0,334.0,0.0,46.0,Adria Cookentaney,True
5480,5846_01,Mars,False,E/376/S,TRAPPIST-1e,27.0,True,149.0,0.0,890.0,9.0,0.0,Morny Gerin,False
6407,6766_01,Earth,False,G/1098/P,PSO J318.5-22,16.0,False,399.0,0.0,3.0,0.0,137.0,Viviay Nieldson,False
3473,3737_01,Earth,False,G/614/S,TRAPPIST-1e,48.0,False,0.0,0.0,632.0,250.0,0.0,Ryany Bucklandez,False
1726,1834_01,Mars,False,F/354/S,,26.0,False,17.0,0.0,1582.0,0.0,0.0,,True
404,0444_01,Mars,False,D/15/P,TRAPPIST-1e,32.0,True,2484.0,429.0,102.0,0.0,0.0,Camonk Curte,False
7706,8222_02,Mars,False,F/1697/P,TRAPPIST-1e,18.0,False,32.0,1255.0,1.0,0.0,0.0,Hock Sidie,True
8158,8722_01,Mars,True,E/558/P,TRAPPIST-1e,51.0,False,0.0,0.0,0.0,0.0,0.0,Cherry Pine,False
4763,5085_01,Earth,False,F/970/S,TRAPPIST-1e,20.0,False,0.0,15.0,455.0,95.0,0.0,Alie Grahangory,True
5858,6201_01,Europa,False,A/60/P,55 Cancri e,34.0,True,0.0,1174.0,0.0,130.0,1141.0,Kaboson Sempribly,False
7488,8012_02,Mars,False,E/530/S,TRAPPIST-1e,17.0,False,0.0,0.0,0.0,0.0,0.0,Cowhex Bache,False
2317,2499_01,Europa,True,C/89/S,55 Cancri e,27.0,False,0.0,0.0,0.0,0.0,0.0,Minus Valindle,True
6142,6481_01,Earth,False,G/1052/S,TRAPPIST-1e,22.0,False,89.0,0.0,795.0,0.0,3.0,Jayne Bulliamoses,True
4406,4678_01,Earth,False,F/951/P,TRAPPIST-1e,38.0,False,183.0,203.0,0.0,110.0,374.0,Sonnie Mcleaney,False
7933,8470_01,Europa,,C/281/P,55 Cancri e,31.0,True,8243.0,280.0,0.0,3220.0,2285.0,Brafirk Aloubtled,False
8622,9197_03,Europa,False,C/308/P,TRAPPIST-1e,31.0,False,0.0,4634.0,8.0,616.0,0.0,Pheino Platch,True
7824,8346_01,Earth,False,F/1718/P,TRAPPIST-1e,,False,41.0,23.0,63.0,0.0,647.0,Stelle Woodwinez,False
6864,7259_01,Earth,False,F/1503/P,PSO J318.5-22,22.0,False,28.0,194.0,2.0,0.0,370.0,Sterry Meadoney,True
8062,8618_01,Europa,False,B/336/S,55 Cancri e,18.0,False,0.0,694.0,0.0,0.0,1370.0,Hallux Resendent,False
4862,5188_01,Earth,False,G/838/P,TRAPPIST-1e,34.0,False,0.0,160.0,0.0,611.0,44.0,Chesty Bootez,False
6466,6825_01,Mars,True,F/1306/S,,30.0,False,0.0,0.0,0.0,0.0,0.0,Peefox Kinad,True
3794,4047_01,Earth,True,G/666/S,TRAPPIST-1e,29.0,False,0.0,0.0,0.0,0.0,0.0,Ivanne Rivanseney,True
2562,2750_01,Earth,False,F/571/P,TRAPPIST-1e,18.0,,600.0,0.0,0.0,179.0,11.0,Timmie Daviddley,True
8008,8572_01,Europa,False,A/89/P,TRAPPIST-1e,33.0,False,0.0,739.0,0.0,140.0,6901.0,Eltaird Hoorherve,False
4250,4518_01,Earth,False,G/740/P,TRAPPIST-1e,49.0,False,820.0,1.0,690.0,292.0,13.0,Dennya Juartis,False
7006,7452_01,Europa,True,B/281/S,TRAPPIST-1e,48.0,False,0.0,0.0,0.0,0.0,0.0,Dyonon Sloweber,True
1381,1452_04,Europa,False,C/53/P,TRAPPIST-1e,33.0,False,0.0,774.0,0.0,6255.0,6.0,Hamak Distured,False
1572,1666_01,Europa,False,D/59/S,TRAPPIST-1e,38.0,False,158.0,787.0,2820.0,,86.0,Askedus Retefule,True
1165,1232_01,Europa,True,C/49/S,TRAPPIST-1e,36.0,False,0.0,0.0,0.0,0.0,0.0,Sarthim Geraing,True
5833,6174_02,Earth,True,G/999/P,PSO J318.5-22,4.0,False,0.0,0.0,0.0,0.0,0.0,Cherry Fisheparks,True
2885,3120_01,Mars,True,E/204/S,TRAPPIST-1e,25.0,False,0.0,0.0,0.0,0.0,0.0,Rionk Rhuba,True
2400,2581_02,Earth,False,F/531/P,TRAPPIST-1e,22.0,False,26.0,0.0,0.0,0.0,733.0,Ianya Conney,False
6828,7217_01,Mars,False,F/1495/P,TRAPPIST-1e,21.0,False,21.0,0.0,874.0,226.0,0.0,Bleda Pead,True
1095,1161_02,Europa,False,B/48/S,55 Cancri e,19.0,False,0.0,1291.0,0.0,16139.0,687.0,Mirfark Anderking,False
1411,1491_02,Earth,False,F/292/P,TRAPPIST-1e,56.0,False,0.0,51.0,0.0,2.0,706.0,Tanley Sosalinson,False
615,0642_03,Europa,False,C/25/S,TRAPPIST-1e,79.0,False,0.0,0.0,0.0,2210.0,2.0,Chabik Kiling,False
2105,2257_01,Europa,False,C/76/P,TRAPPIST-1e,27.0,True,0.0,3341.0,,80.0,654.0,Atonea Diateous,True
4855,5181_01,Europa,,B/175/P,TRAPPIST-1e,48.0,False,0.0,0.0,0.0,0.0,0.0,Minkark Motled,True
6399,6760_01,Mars,False,F/1404/P,PSO J318.5-22,30.0,False,51.0,0.0,1373.0,0.0,5.0,Shex Pri,True
3796,4050_01,Europa,False,A/35/P,55 Cancri e,36.0,False,0.0,1302.0,0.0,2067.0,10173.0,Decruxa Dissper,False
5397,5763_02,Earth,False,F/1099/S,TRAPPIST-1e,24.0,False,,0.0,0.0,838.0,193.0,Erick Alentonway,False
7190,7682_01,Earth,True,G/1248/S,TRAPPIST-1e,53.0,False,0.0,0.0,0.0,0.0,0.0,Denny Solon,False
2826,3048_01,Mars,True,E/200/S,TRAPPIST-1e,25.0,False,0.0,0.0,0.0,,0.0,Mitch Canie,False
8585,9164_01,Mars,False,E/602/S,TRAPPIST-1e,20.0,False,574.0,1.0,792.0,11.0,0.0,Tundsh Gread,False
4702,5014_01,,False,D/162/P,TRAPPIST-1e,26.0,False,1331.0,0.0,973.0,484.0,0.0,Quan Porté,False
1836,1962_02,Earth,False,G/316/P,55 Cancri e,2.0,False,0.0,0.0,0.0,0.0,0.0,Jasony Buckeenez,False
2556,2741_01,Mars,False,E/164/P,TRAPPIST-1e,43.0,False,471.0,0.0,133.0,2.0,692.0,Jackix Cake,False
6942,7366_01,Earth,False,G/1184/P,TRAPPIST-1e,24.0,False,821.0,0.0,0.0,68.0,0.0,Garion Ayalazquez,False
1575,1669_02,Mars,True,F/317/S,TRAPPIST-1e,0.0,False,0.0,0.0,0.0,0.0,0.0,Spuffs Spane,True
5387,5756_03,Earth,False,F/1194/P,PSO J318.5-22,19.0,False,5.0,0.0,0.0,716.0,0.0,Inerry Briggston,False
8462,9035_01,Earth,False,G/1466/P,TRAPPIST-1e,39.0,False,266.0,4.0,1.0,0.0,452.0,Evenna Coleyanglas,False
4073,4350_01,Earth,True,G/709/S,TRAPPIST-1e,21.0,False,0.0,0.0,0.0,0.0,0.0,Rence Robersondez,True
8424,8998_01,Earth,True,G/1449/S,TRAPPIST-1e,41.0,False,0.0,0.0,0.0,0.0,0.0,Gerry Englence,False
4214,4490_01,Europa,False,D/143/S,55 Cancri e,34.0,False,0.0,337.0,1339.0,92.0,264.0,Sadir Idlatchse,False
2778,2996_01,Earth,False,F/626/P,55 Cancri e,31.0,False,0.0,611.0,2.0,4.0,22.0,,False
2580,2765_01,Mars,False,F/532/S,TRAPPIST-1e,27.0,False,1502.0,1.0,0.0,0.0,0.0,Callix Curie,False
7552,8072_02,Europa,False,D/236/S,55 Cancri e,35.0,False,0.0,5500.0,0.0,180.0,3173.0,Arin Prombled,False
3841,4110_01,Earth,False,E/255/P,TRAPPIST-1e,25.0,False,0.0,38.0,0.0,847.0,112.0,Son Rosargas,False
6621,6984_03,Mars,False,F/1450/P,TRAPPIST-1e,19.0,False,1962.0,0.0,1.0,641.0,0.0,Cupers Hake,False
5874,6222_01,Earth,False,F/1190/S,PSO J318.5-22,29.0,False,25.0,0.0,2.0,0.0,657.0,Ellard Lewintos,False
2371,2552_01,Earth,False,F/492/S,TRAPPIST-1e,19.0,False,0.0,1124.0,4.0,0.0,0.0,Arlen Vincenton,True
7645,8157_06,Earth,False,G/1313/S,TRAPPIST-1e,9.0,False,0.0,0.0,0.0,0.0,0.0,Chadie Morelly,True
7228,7723_01,Europa,True,B/254/P,TRAPPIST-1e,27.0,False,0.0,0.0,0.0,0.0,0.0,Sheleb Conate,True
481,0518_01,,True,F/92/S,TRAPPIST-1e,35.0,False,0.0,0.0,0.0,0.0,0.0,Soyos Parta,True
6279,6647_01,Earth,False,F/1273/S,PSO J318.5-22,29.0,False,2.0,3.0,1501.0,26.0,0.0,Coreen Hermane,True
2956,3204_02,Europa,False,A/27/P,TRAPPIST-1e,47.0,False,3865.0,3810.0,0.0,12.0,196.0,Alphah Wirdley,False
6436,6792_01,Mars,False,F/1412/P,TRAPPIST-1e,41.0,False,145.0,0.0,2383.0,30.0,40.0,Razzle Reate,True
877,0939_01,Earth,True,G/135/P,,15.0,False,0.0,0.0,0.0,0.0,0.0,Eulah Peter,True
7904,8447_01,Earth,False,F/1734/P,TRAPPIST-1e,25.0,False,1.0,0.0,1.0,14.0,1491.0,Erine Joyneidez,False
4488,4774_03,Mars,False,F/972/P,TRAPPIST-1e,34.0,False,2130.0,0.0,1.0,1.0,0.0,Wins Perty,False
6634,6995_01,Earth,False,F/1334/S,55 Cancri e,24.0,False,0.0,58.0,618.0,0.0,41.0,Stany Hamberterry,False
4156,4441_02,Europa,True,B/144/P,TRAPPIST-1e,39.0,False,0.0,0.0,0.0,0.0,0.0,,True
6752,7126_01,Earth,False,F/1366/S,,29.0,False,3.0,0.0,664.0,683.0,34.0,Ivaney Giller,False
7741,8261_01,Earth,True,G/1343/P,PSO J318.5-22,38.0,False,0.0,0.0,0.0,0.0,0.0,Blance Kiddley,False
5899,6253_02,Mars,False,F/1289/P,55 Cancri e,24.0,False,737.0,293.0,301.0,0.0,0.0,Allots Pota,False
5418,5786_01,Earth,False,G/928/P,PSO J318.5-22,47.0,False,14.0,3.0,0.0,1720.0,0.0,Alfrey Sarios,False
1333,1412_01,Earth,False,G/217/S,55 Cancri e,15.0,False,0.0,0.0,,0.0,832.0,Andona Winsley,False
3686,3961_01,Mars,True,F/749/S,TRAPPIST-1e,41.0,False,0.0,0.0,0.0,0.0,0.0,Wheals Peake,True
3078,3318_05,Europa,True,B/123/S,TRAPPIST-1e,36.0,False,0.0,0.0,0.0,0.0,0.0,Betenar Openduave,True
6598,6967_01,Europa,False,C/256/S,55 Cancri e,37.0,False,0.0,9965.0,0.0,5697.0,676.0,Winon Oilpfulle,False
6267,6634_02,,True,,TRAPPIST-1e,64.0,False,0.0,0.0,0.0,0.0,0.0,Alasmon Dischod,True
190,0212_01,Earth,False,E/9/P,TRAPPIST-1e,13.0,False,192.0,0.0,0.0,51.0,739.0,Inen Workmans,False
5127,5476_01,Earth,False,G/879/S,TRAPPIST-1e,49.0,False,1020.0,0.0,2.0,2.0,0.0,Samany Moodsey,True
7611,8130_02,Earth,False,G/1308/S,55 Cancri e,4.0,False,0.0,0.0,0.0,0.0,0.0,Brie Mcbriddley,False
8578,9157_07,Earth,True,G/1476/S,TRAPPIST-1e,3.0,False,0.0,0.0,0.0,0.0,0.0,Racey Navages,True
7639,8156_01,Earth,False,G/1321/P,PSO J318.5-22,53.0,False,90.0,29.0,102.0,244.0,56.0,Phia Yorkland,False
2906,3142_02,Mars,False,F/591/S,TRAPPIST-1e,32.0,False,1087.0,0.0,71.0,0.0,0.0,Fres Cla,False
1547,1638_01,Earth,False,E/119/S,TRAPPIST-1e,19.0,False,414.0,0.0,66.0,307.0,0.0,Roydo Ballocks,False
280,0310_01,Europa,False,,TRAPPIST-1e,67.0,False,,230.0,0.0,4476.0,241.0,Naviton Coudered,False
6601,6970_01,Mars,False,,TRAPPIST-1e,65.0,,3358.0,1.0,12.0,0.0,0.0,Ret Gin,False
3547,3811_01,Mars,True,F/786/P,TRAPPIST-1e,54.0,False,0.0,0.0,0.0,0.0,0.0,Fisps Frasp,True
6320,6676_01,Europa,True,D/200/S,TRAPPIST-1e,35.0,False,0.0,0.0,0.0,0.0,0.0,Errak Ourcul,True
3530,3787_01,Mars,True,F/716/S,TRAPPIST-1e,55.0,False,0.0,0.0,0.0,0.0,0.0,Sugard Prie,True
1645,1745_01,Europa,False,E/130/S,TRAPPIST-1e,28.0,False,0.0,1310.0,0.0,221.0,6064.0,,False
6389,6751_01,Mars,True,F/1290/S,TRAPPIST-1e,23.0,False,0.0,0.0,0.0,0.0,0.0,Trisp Berle,True
3269,3512_01,Earth,False,F/662/S,55 Cancri e,28.0,False,1.0,0.0,857.0,0.0,0.0,Wallyn Holcompson,False
4495,4782_01,Europa,True,,55 Cancri e,23.0,False,0.0,0.0,0.0,0.0,0.0,Sabiton Maxled,True
3137,3386_01,Mars,True,F/641/S,TRAPPIST-1e,44.0,False,0.0,0.0,0.0,0.0,0.0,Peefox Datie,True
8024,8588_01,Mars,True,E/562/S,TRAPPIST-1e,59.0,False,0.0,0.0,0.0,0.0,0.0,Gramus Wist,True
2258,2421_01,Mars,False,E/145/P,TRAPPIST-1e,22.0,,0.0,0.0,0.0,0.0,0.0,Comats Sepie,True
139,0152_01,Earth,False,F/32/P,,41.0,False,0.0,0.0,0.0,0.0,607.0,Andan Estron,False
7117,7585_01,Europa,True,C/281/S,55 Cancri e,31.0,False,0.0,0.0,0.0,0.0,0.0,Suhaino Admingried,True
7898,8433_01,Earth,False,F/1729/P,TRAPPIST-1e,25.0,False,341.0,608.0,2.0,2.0,16.0,Royce Gilesonston,True
8412,8988_06,Earth,True,G/1448/S,TRAPPIST-1e,17.0,False,,0.0,0.0,0.0,0.0,Caseye Fowlesterez,True
2843,3067_01,Earth,True,G/483/S,TRAPPIST-1e,22.0,False,0.0,0.0,0.0,0.0,0.0,France Dicksons,True
7652,8167_01,Earth,True,G/1315/S,PSO J318.5-22,23.0,False,0.0,0.0,0.0,0.0,0.0,Kendy Foxter,True
3358,3610_01,Earth,True,G/582/S,,17.0,False,0.0,0.0,0.0,0.0,0.0,Hencey Buckleinson,True
1193,1269_01,Mars,False,E/80/P,TRAPPIST-1e,21.0,False,2066.0,0.0,15.0,0.0,1.0,Gorn Pane,False
5738,6085_01,Earth,False,F/1257/P,TRAPPIST-1e,46.0,False,0.0,0.0,868.0,0.0,3.0,Jimmyn Gainney,True
49,0051_01,Earth,False,E/2/S,TRAPPIST-1e,56.0,False,0.0,112.0,0.0,1379.0,127.0,Vivia Johnshines,False
7953,8494_01,Mars,False,E/543/P,TRAPPIST-1e,42.0,False,770.0,0.0,1301.0,,0.0,Cines Bota,True
1072,1148_01,Europa,True,C/42/P,55 Cancri e,22.0,False,0.0,,0.0,0.0,0.0,Bosonon Clugete,True
7946,8483_01,Europa,True,D/253/S,TRAPPIST-1e,29.0,True,0.0,0.0,0.0,0.0,0.0,Axinon Clutcheed,True
5486,5855_01,Earth,,F/1209/P,TRAPPIST-1e,64.0,False,0.0,623.0,1827.0,0.0,0.0,Hanna Horndley,True
7525,8049_01,Earth,False,G/1301/P,TRAPPIST-1e,22.0,False,6.0,21.0,0.0,782.0,0.0,Bonya Workmans,False
4373,4655_01,Europa,True,B/154/P,55 Cancri e,32.0,False,0.0,0.0,0.0,0.0,0.0,Ainkard Seflock,True
8239,8801_01,Earth,False,F/1707/S,TRAPPIST-1e,37.0,False,10.0,557.0,51.0,83.0,0.0,Justie Vincenton,False
7541,8060_02,Mars,True,F/1541/S,TRAPPIST-1e,37.0,False,0.0,0.0,0.0,0.0,0.0,Colatz Chman,True
451,0482_02,Earth,False,F/88/S,TRAPPIST-1e,28.0,False,0.0,14.0,0.0,0.0,615.0,Isaacy Mallerez,False
1307,1385_01,,False,G/213/P,TRAPPIST-1e,39.0,False,705.0,3.0,0.0,0.0,0.0,Alvira Foxter,False
5695,6034_03,Mars,False,E/385/P,TRAPPIST-1e,8.0,False,0.0,0.0,0.0,0.0,0.0,Cheeet Pette,True
2845,3070_01,Earth,True,G/501/P,TRAPPIST-1e,41.0,False,0.0,0.0,0.0,0.0,0.0,Bel Haydenez,True
6627,6991_01,Europa,False,B/233/P,55 Cancri e,38.0,False,0.0,692.0,0.0,3587.0,0.0,Kabiton Disivering,False
4182,4464_01,Earth,False,G/728/S,TRAPPIST-1e,21.0,False,0.0,0.0,0.0,0.0,0.0,Sharie Morrodgers,False
2209,2365_01,Europa,True,D/71/P,TRAPPIST-1e,50.0,False,0.0,0.0,,0.0,0.0,Spuri Clunic,True
886,0951_01,Earth,True,G/144/S,PSO J318.5-22,38.0,False,0.0,0.0,0.0,0.0,0.0,Done Lunapperts,True
2663,2856_01,Europa,False,C/108/S,55 Cancri e,38.0,False,0.0,896.0,0.0,,4168.0,Duhra Fulous,False
8183,8749_01,Mars,False,E/562/P,TRAPPIST-1e,31.0,False,947.0,83.0,19.0,0.0,0.0,Risps Cuche,False
6253,6620_01,Earth,False,G/1079/S,PSO J318.5-22,22.0,False,0.0,115.0,273.0,,218.0,Allie Smalls,True
7612,8130_03,Earth,True,G/1308/S,TRAPPIST-1e,0.0,False,0.0,0.0,0.0,0.0,0.0,Ferry Mcbriddley,False
4830,5152_01,Europa,False,B/199/S,TRAPPIST-1e,40.0,False,0.0,553.0,10.0,2787.0,52.0,Porrimp Aillyber,False
2553,2738_01,Mars,False,E/187/S,TRAPPIST-1e,29.0,False,1049.0,0.0,0.0,0.0,0.0,Tyog Ses,False
170,0193_02,Mars,False,F/41/P,TRAPPIST-1e,23.0,False,,0.0,8.0,1072.0,0.0,Frook Raf,False
4631,4933_01,Mars,False,F/938/S,TRAPPIST-1e,4.0,False,0.0,0.0,0.0,0.0,0.0,Puffal Gin,True
7657,8168_05,Earth,False,G/1316/S,TRAPPIST-1e,22.0,False,753.0,0.0,0.0,0.0,0.0,Brada Carpentley,False
29,0025_01,Earth,False,F/6/S,TRAPPIST-1e,15.0,False,0.0,225.0,0.0,998.0,0.0,Karard Brookenson,False
557,0585_01,Mars,True,F/120/P,TRAPPIST-1e,48.0,False,0.0,0.0,0.0,0.0,0.0,Graven Fone,True
6264,6631_01,Europa,,C/208/P,TRAPPIST-1e,27.0,False,0.0,1891.0,0.0,2167.0,0.0,Etamino Suasharic,False
7254,7755_01,Earth,True,E/503/P,TRAPPIST-1e,21.0,False,0.0,0.0,0.0,0.0,0.0,Jonard Mullericer,True
3349,3606_01,Earth,True,G/593/P,TRAPPIST-1e,46.0,False,0.0,0.0,0.0,0.0,0.0,Blance Daughttley,False
5053,5402_01,Mars,False,F/1034/S,TRAPPIST-1e,40.0,,1269.0,0.0,75.0,0.0,4.0,Cupers Erpie,False
8163,8728_02,Earth,False,G/1416/P,TRAPPIST-1e,55.0,False,694.0,0.0,1.0,87.0,0.0,Eilan Fulloydez,False
2185,2339_01,Mars,False,F/475/P,TRAPPIST-1e,46.0,False,1290.0,0.0,57.0,0.0,0.0,Book Shrie,False
7926,8463_01,Earth,False,F/1630/S,55 Cancri e,24.0,False,0.0,0.0,608.0,37.0,0.0,Jeret Hoppernardy,False
4959,5288_01,Earth,False,F/1081/P,,36.0,False,1.0,716.0,3.0,0.0,57.0,Thell Masquez,True
1256,1330_01,Mars,False,D/46/S,TRAPPIST-1e,47.0,False,405.0,0.0,193.0,458.0,0.0,Sts Mare,False
4226,4498_06,Earth,False,G/734/S,TRAPPIST-1e,15.0,False,0.0,893.0,0.0,0.0,0.0,Line Munozanson,True
5129,5478_01,Mars,False,F/1048/S,TRAPPIST-1e,29.0,False,518.0,0.0,10.0,1245.0,0.0,Hocorz Prity,False
4983,5316_01,Mars,True,F/1087/P,55 Cancri e,23.0,False,0.0,0.0,0.0,0.0,0.0,Cats Ses,True
5467,5828_01,Earth,False,G/941/P,TRAPPIST-1e,21.0,False,621.0,0.0,0.0,0.0,0.0,Bethy Goldendrice,False
5114,5466_01,Europa,True,B/185/P,55 Cancri e,41.0,False,0.0,0.0,0.0,0.0,0.0,Mesons Matoltuble,True
8488,9071_01,Earth,False,F/1855/P,55 Cancri e,22.0,False,0.0,0.0,1072.0,46.0,3.0,Anton Woody,False
1522,1615_02,Earth,True,G/259/P,TRAPPIST-1e,38.0,False,0.0,0.0,,0.0,0.0,Therta Harperez,True
8330,8894_01,Mars,True,F/1721/S,TRAPPIST-1e,23.0,False,0.0,0.0,0.0,0.0,0.0,Ars Shpie,True
3450,3713_03,Europa,True,C/133/S,TRAPPIST-1e,18.0,False,0.0,0.0,0.0,0.0,0.0,Gollux Trattle,True
6408,6766_02,Earth,True,G/1098/P,TRAPPIST-1e,0.0,,0.0,0.0,0.0,0.0,0.0,Carita Warrishales,True
8691,9280_01,Europa,False,E/608/S,55 Cancri e,32.0,False,0.0,1049.0,0.0,353.0,3235.0,Celeon Hontichre,False
2450,2628_01,Europa,True,A/21/P,55 Cancri e,25.0,False,0.0,0.0,0.0,0.0,0.0,Graviph Amoutake,True
8268,8828_01,Earth,False,F/1711/S,55 Cancri e,19.0,,0.0,6.0,0.0,0.0,1179.0,Charly Robersondez,True
1460,1543_01,Europa,True,C/56/P,55 Cancri e,34.0,False,0.0,0.0,0.0,0.0,0.0,Izarkab Clidly,True
5047,5395_01,Mars,False,D/173/P,TRAPPIST-1e,28.0,False,4.0,0.0,2574.0,0.0,0.0,Fruik Traie,True
671,0701_01,Europa,True,D/25/S,TRAPPIST-1e,33.0,False,0.0,0.0,0.0,0.0,0.0,Menkibi Voliat,True
3816,4078_01,,True,G/667/P,TRAPPIST-1e,21.0,False,0.0,0.0,0.0,0.0,0.0,Kris Coley,False
7496,8019_01,Mars,True,F/1660/P,TRAPPIST-1e,18.0,False,0.0,0.0,0.0,0.0,0.0,Casps Anpie,True
3802,4061_02,Mars,True,F/766/S,TRAPPIST-1e,0.0,False,0.0,0.0,0.0,0.0,0.0,Graw Kashe,True
8562,9142_01,Earth,False,F/1873/P,TRAPPIST-1e,18.0,False,83.0,165.0,1.0,0.0,2002.0,Thew Holson,False
4546,4837_01,Earth,False,F/912/S,TRAPPIST-1e,21.0,,0.0,198.0,559.0,19.0,44.0,Jorgie Jarvey,True
1003,1068_01,Earth,True,G/167/S,PSO J318.5-22,38.0,False,0.0,0.0,0.0,0.0,0.0,Kayd Pughanders,False
1833,1960_02,Earth,False,E/122/P,PSO J318.5-22,21.0,False,0.0,0.0,677.0,4.0,0.0,Joana Lynnerett,True
1834,1961_01,Earth,False,G/315/P,TRAPPIST-1e,35.0,False,302.0,6.0,0.0,6.0,613.0,Kayne Giller,True
6213,6568_01,Earth,False,F/1366/P,55 Cancri e,36.0,False,695.0,,0.0,0.0,0.0,Ianya Jacostaney,False
5973,6328_01,Earth,True,G/1020/P,TRAPPIST-1e,33.0,False,,0.0,0.0,0.0,0.0,Violey Hoppers,False
3501,3759_01,Earth,True,G/619/S,TRAPPIST-1e,26.0,False,0.0,0.0,0.0,0.0,0.0,Elene Hendrys,True
5216,5561_04,Europa,False,A/51/P,TRAPPIST-1e,43.0,False,7.0,494.0,2473.0,443.0,71.0,Ankab Fueling,False
5834,6174_03,Earth,True,G/999/P,TRAPPIST-1e,,False,0.0,0.0,0.0,0.0,0.0,Anthia Mcbriddley,False
1267,1347_01,,False,F/271/P,TRAPPIST-1e,67.0,False,0.0,761.0,0.0,1.0,0.0,Karah Horners,True
5483,5849_01,Earth,False,F/1208/P,TRAPPIST-1e,39.0,False,0.0,0.0,0.0,0.0,1104.0,Jilley Brightez,False
7493,8015_03,Europa,True,B/315/S,55 Cancri e,32.0,False,0.0,0.0,0.0,0.0,0.0,Achbah Fansty,True
5942,6302_07,Earth,True,G/1015/P,TRAPPIST-1e,,False,0.0,0.0,0.0,0.0,0.0,Neilda Rostarks,True
2727,2927_01,Mars,True,F/611/P,55 Cancri e,41.0,False,0.0,0.0,0.0,0.0,0.0,Caw Panad,True
8152,8717_01,Earth,False,F/1689/S,TRAPPIST-1e,38.0,False,139.0,9.0,0.0,0.0,582.0,Nelley Freevenson,False
7241,7743_01,Earth,False,G/1244/P,TRAPPIST-1e,63.0,False,0.0,243.0,0.0,777.0,0.0,Jilley Alshipson,False
4783,5106_01,Earth,True,G/834/S,TRAPPIST-1e,29.0,False,0.0,0.0,0.0,0.0,0.0,Helle Barrez,True
7554,8076_01,Europa,False,C/263/P,55 Cancri e,43.0,False,1.0,2060.0,,1.0,2764.0,Menkibi Emetillove,False
2193,2347_05,Earth,True,G/377/P,55 Cancri e,15.0,False,0.0,0.0,0.0,0.0,0.0,Lewise Wellierras,True
3537,3795_01,Europa,True,C/136/S,55 Cancri e,,False,0.0,0.0,0.0,0.0,0.0,Muonus Clinarfork,True
4473,4756_01,Europa,True,C/188/S,55 Cancri e,44.0,,0.0,0.0,0.0,0.0,0.0,Maasyma Gealloyalt,True
5344,5713_01,Earth,False,G/915/P,TRAPPIST-1e,42.0,False,0.0,29.0,317.0,434.0,45.0,Lawren Blangibson,True
2604,2790_02,Europa,False,B/86/P,55 Cancri e,41.0,False,0.0,320.0,4333.0,1313.0,51.0,Cheliak Simous,False
1631,1727_02,Mars,False,D/54/P,55 Cancri e,52.0,False,1279.0,0.0,1061.0,359.0,0.0,Emoles Barte,False
3896,4173_01,Earth,False,E/261/P,TRAPPIST-1e,27.0,False,0.0,0.0,0.0,658.0,133.0,Genee Meleon,False
7682,8202_03,,True,C/306/S,TRAPPIST-1e,,False,0.0,0.0,0.0,0.0,,Charga Unkcatted,True
3105,3350_01,Earth,False,F/633/S,TRAPPIST-1e,17.0,False,3.0,2126.0,0.0,0.0,0.0,Dianya Josey,True
6124,6462_01,Mars,True,F/1233/S,TRAPPIST-1e,27.0,False,0.0,0.0,0.0,0.0,0.0,,True
3036,3283_04,Earth,False,G/521/S,TRAPPIST-1e,38.0,False,0.0,0.0,0.0,846.0,0.0,Brank Hoopez,False
2297,2471_01,Earth,False,G/403/P,TRAPPIST-1e,45.0,False,0.0,0.0,450.0,94.0,364.0,Brance Johnsby,False
2218,2377_01,Europa,True,C/83/P,PSO J318.5-22,32.0,False,0.0,0.0,0.0,0.0,0.0,Alark Noxiong,True
3820,4082_01,Mars,False,E/252/P,TRAPPIST-1e,22.0,False,0.0,0.0,0.0,0.0,0.0,Gray Cres,False
4401,4668_02,Europa,True,C/180/S,55 Cancri e,27.0,True,0.0,0.0,0.0,0.0,0.0,Sadrus Scerodbox,True
6193,6547_01,Mars,False,F/1358/P,55 Cancri e,21.0,False,861.0,0.0,310.0,0.0,0.0,Ale Pert,False
6557,6921_01,Europa,False,C/255/S,TRAPPIST-1e,22.0,False,0.0,1914.0,2090.0,100.0,0.0,Sadrix Stersetery,True
5607,5968_01,Earth,False,F/1229/P,TRAPPIST-1e,,False,17.0,0.0,0.0,49.0,867.0,Hanry Dayers,False
4599,4899_02,Earth,False,G/799/S,PSO J318.5-22,32.0,False,8.0,690.0,3.0,5.0,0.0,Adamie Leonzaley,True
8234,8796_07,Earth,False,F/1704/S,TRAPPIST-1e,34.0,False,14.0,748.0,0.0,41.0,0.0,Stene Bakerson,True
5250,5602_01,Europa,True,B/190/P,TRAPPIST-1e,35.0,False,0.0,0.0,0.0,0.0,0.0,Castab Sedece,True
6544,6906_02,Mars,False,E/440/P,55 Cancri e,43.0,False,528.0,13.0,1583.0,11.0,0.0,Apies Bun,False
4777,5097_01,Earth,True,G/823/P,55 Cancri e,7.0,False,0.0,0.0,0.0,0.0,0.0,Hughan Peterstarks,True
1190,1263_01,Mars,False,F/244/S,TRAPPIST-1e,25.0,False,1084.0,1.0,66.0,0.0,5.0,Batses Vloaf,False
6020,6367_02,Mars,False,F/1215/S,55 Cancri e,18.0,False,114.0,131.0,927.0,0.0,0.0,Cank Botte,True
5055,5406_01,,False,F/1035/S,PSO J318.5-22,22.0,,2.0,46.0,0.0,483.0,67.0,Shally Langatein,False
6474,6829_02,Earth,False,G/1109/P,TRAPPIST-1e,49.0,False,355.0,449.0,8.0,0.0,0.0,Arllia Hubbarrison,False
7929,8466_01,Earth,False,F/1737/P,TRAPPIST-1e,21.0,False,0.0,5.0,0.0,687.0,10.0,Miken Leonaldez,False
2863,3092_01,Earth,False,G/506/P,TRAPPIST-1e,22.0,False,,0.0,102.0,43.0,700.0,Stace Solivers,False
4225,4498_05,Earth,True,G/734/S,TRAPPIST-1e,31.0,False,0.0,0.0,0.0,0.0,0.0,Karay Beckeetter,True
5799,6139_01,Europa,,C/230/S,TRAPPIST-1e,0.0,False,0.0,0.0,,0.0,0.0,Azhasim Bewarsecal,True
7220,7713_01,Europa,True,B/296/S,TRAPPIST-1e,30.0,False,0.0,0.0,0.0,0.0,0.0,Nusoton Nairconed,True
7809,8336_01,Mars,True,E/547/S,TRAPPIST-1e,30.0,False,0.0,0.0,0.0,0.0,0.0,Minnys Sutte,True
1436,1511_04,Europa,False,B/63/S,55 Cancri e,31.0,False,65.0,2121.0,0.0,6431.0,1.0,Winon Whealeed,False
3054,3298_01,Earth,False,F/687/P,,27.0,False,0.0,0.0,775.0,127.0,0.0,Jeanny Fowles,True
5158,5511_01,Earth,True,G/884/P,TRAPPIST-1e,15.0,False,0.0,0.0,0.0,0.0,0.0,Leen Gallenry,True
6209,6565_01,Mars,False,E/437/S,TRAPPIST-1e,40.0,False,2081.0,1.0,0.0,0.0,25.0,Lakes Emead,False
2081,2232_02,Earth,False,F/438/S,TRAPPIST-1e,24.0,False,0.0,1220.0,0.0,140.0,0.0,Adrie Dyers,False
459,0499_02,Mars,False,E/29/S,TRAPPIST-1e,21.0,False,0.0,0.0,0.0,0.0,0.0,Yogark Meake,False
1708,1816_01,Europa,False,C/68/S,TRAPPIST-1e,60.0,True,1891.0,640.0,0.0,360.0,52.0,Naosura Dicomeng,True
2737,2940_01,Earth,False,F/615/P,PSO J318.5-22,23.0,False,5.0,308.0,363.0,7.0,0.0,Melica Casonston,True
5884,6234_01,Mars,False,F/1287/P,PSO J318.5-22,40.0,True,301.0,0.0,1310.0,4.0,,Sters Bun,True
1262,1336_01,Earth,True,G/201/S,TRAPPIST-1e,17.0,False,0.0,0.0,0.0,0.0,0.0,,True
7150,7628_01,Mars,False,F/1584/P,TRAPPIST-1e,19.0,False,37.0,0.0,1288.0,0.0,0.0,Hoces Wala,True
5249,5601_05,Earth,True,G/904/S,55 Cancri e,8.0,False,0.0,0.0,0.0,0.0,0.0,Maya Vandan,True
3879,4165_01,Earth,False,G/685/P,TRAPPIST-1e,37.0,False,246.0,0.0,703.0,5.0,0.0,Kendy Logannon,True
6388,6750_01,Earth,False,G/1094/P,TRAPPIST-1e,29.0,False,0.0,95.0,424.0,1.0,364.0,Rona Goody,False
4663,4974_01,Europa,False,A/44/P,TRAPPIST-1e,56.0,False,0.0,10.0,0.0,9319.0,1225.0,Thabih Vendeck,False
2467,2645_05,Europa,True,C/95/S,55 Cancri e,26.0,False,0.0,0.0,0.0,0.0,0.0,Mesonon Improus,True
5183,5530_01,Mars,False,E/347/P,TRAPPIST-1e,37.0,False,10.0,20.0,868.0,115.0,0.0,Eerch Mesty,False
3311,3558_01,Mars,False,D/115/P,TRAPPIST-1e,37.0,False,78.0,0.0,0.0,2948.0,0.0,Row Manie,False
8166,8728_05,Earth,True,G/1416/P,55 Cancri e,18.0,False,0.0,0.0,0.0,0.0,0.0,Weslie Fulloydez,True
1557,1651_03,Earth,True,G/266/P,PSO J318.5-22,0.0,False,0.0,0.0,0.0,0.0,0.0,Deanny Wonglasquez,True
2329,2509_01,Earth,False,F/483/S,TRAPPIST-1e,43.0,False,0.0,9.0,1145.0,0.0,0.0,Wen Georgasey,False
3347,3602_01,Mars,,F/678/S,TRAPPIST-1e,11.0,False,0.0,0.0,0.0,0.0,0.0,Dakes Vicke,True
5428,5800_01,Earth,False,F/1203/P,,40.0,False,661.0,0.0,830.0,0.0,6.0,Belly Llobsoney,False
4112,4390_03,Mars,False,F/903/P,TRAPPIST-1e,27.0,False,875.0,0.0,61.0,289.0,0.0,Rants Vloaf,False
2316,2498_01,Earth,False,E/176/S,TRAPPIST-1e,14.0,False,148.0,0.0,34.0,808.0,0.0,Dorice Kellson,False
6887,7290_05,Europa,False,D/227/P,TRAPPIST-1e,36.0,False,31.0,3585.0,31.0,1400.0,0.0,Suhaino Bruthydre,False
5904,6262_02,,False,D/195/P,TRAPPIST-1e,18.0,False,102.0,3.0,186.0,2287.0,0.0,Cops Pane,False
4098,4371_04,Europa,False,C/158/S,TRAPPIST-1e,25.0,False,0.0,4384.0,4285.0,812.0,360.0,Canonon Shricatory,True
5614,5973_01,Mars,False,F/1139/S,TRAPPIST-1e,43.0,False,1086.0,4.0,202.0,401.0,0.0,,False
3072,3315_01,Earth,,F/627/S,TRAPPIST-1e,15.0,False,10.0,0.0,99.0,,2031.0,,False
4038,4315_01,Earth,False,E/272/P,TRAPPIST-1e,22.0,False,0.0,3.0,486.0,0.0,228.0,Clarry Hammonton,True
3933,4199_01,Earth,False,F/787/S,TRAPPIST-1e,55.0,False,0.0,198.0,703.0,1.0,0.0,Milly Howenters,True
767,0808_01,Earth,False,E/57/S,TRAPPIST-1e,31.0,False,159.0,110.0,701.0,0.0,10.0,Benew Ramoran,False
5512,5882_01,Earth,False,F/1214/P,TRAPPIST-1e,17.0,False,18.0,10.0,73.0,0.0,1049.0,Celis Morez,False
6107,6448_01,Earth,False,F/1230/S,TRAPPIST-1e,40.0,False,0.0,0.0,433.0,343.0,0.0,Terek Villenson,False
1010,1079_01,Earth,False,G/163/P,55 Cancri e,41.0,False,638.0,0.0,133.0,0.0,,Helean Traverdy,False
2359,2544_01,Europa,False,B/97/S,55 Cancri e,6.0,False,0.0,0.0,0.0,0.0,0.0,Majoth Sernator,True
1033,1100_01,Mars,False,F/226/P,TRAPPIST-1e,18.0,False,490.0,355.0,298.0,245.0,0.0,Ros Cuche,False
7041,7499_01,Earth,False,F/1551/P,55 Cancri e,20.0,False,30.0,132.0,1121.0,0.0,0.0,Enrie Hayder,True
7267,7771_01,Earth,False,G/1259/S,TRAPPIST-1e,22.0,False,0.0,,692.0,18.0,0.0,Feline Cofferson,True
4455,4733_01,Earth,False,E/294/P,TRAPPIST-1e,20.0,False,962.0,0.0,4581.0,105.0,0.0,Sonald Corman,True
2175,2321_01,Earth,True,G/373/S,PSO J318.5-22,25.0,False,0.0,0.0,0.0,0.0,0.0,Claura Petermandez,True
5258,5610_02,Europa,False,B/214/S,55 Cancri e,54.0,True,0.0,7996.0,0.0,4549.0,10206.0,Atinon Dicely,False
8568,9150_01,Earth,False,G/1474/S,TRAPPIST-1e,45.0,False,1.0,0.0,638.0,9.0,161.0,Geney Schmondez,False
1907,2043_01,Mars,True,F/395/S,TRAPPIST-1e,24.0,False,,0.0,0.0,0.0,0.0,Goles Teake,True
5538,5903_01,Earth,False,E/376/P,TRAPPIST-1e,34.0,False,223.0,0.0,13.0,514.0,41.0,Vivia Doughan,False
6464,6822_01,Earth,False,F/1305/S,TRAPPIST-1e,15.0,False,0.0,532.0,29.0,0.0,163.0,Moniey Bradamss,False
3731,4001_05,Earth,False,F/758/S,,34.0,False,0.0,847.0,14.0,0.0,0.0,Brancy Lowelliott,True
887,0952_01,Mars,False,F/175/S,TRAPPIST-1e,45.0,False,877.0,0.0,1383.0,0.0,0.0,Grios Colle,False
6427,6787_01,Earth,False,F/1411/P,TRAPPIST-1e,9.0,False,0.0,0.0,0.0,0.0,0.0,Iney Booneid,True
7762,8282_01,Earth,False,G/1336/S,TRAPPIST-1e,61.0,False,67.0,0.0,654.0,0.0,86.0,Alvia Jacostaney,False
8025,8589_01,Europa,False,D/267/P,55 Cancri e,26.0,False,6.0,728.0,0.0,1273.0,1116.0,Gacrab Gealter,False
5191,5537_01,Mars,False,F/1063/S,TRAPPIST-1e,50.0,,690.0,0.0,30.0,762.0,428.0,Herms Bancy,False
1483,1573_01,Mars,False,D/56/S,TRAPPIST-1e,55.0,False,938.0,0.0,82.0,0.0,162.0,Lychex Butte,False
8362,8944_02,Earth,,G/1442/S,PSO J318.5-22,17.0,False,0.0,0.0,0.0,0.0,0.0,Evan Hobbinson,True
8121,8672_01,Earth,False,G/1406/P,TRAPPIST-1e,40.0,False,21.0,155.0,0.0,267.0,0.0,Cary Rilley,False
6574,6934_01,Mars,False,F/1436/P,TRAPPIST-1e,47.0,False,160.0,0.0,1232.0,36.0,0.0,Cats Nutty,True
7447,7968_01,Mars,False,D/232/S,TRAPPIST-1e,55.0,False,376.0,0.0,858.0,0.0,31.0,Apsps Nutte,True
2775,2994_01,Earth,False,E/198/S,TRAPPIST-1e,24.0,False,173.0,0.0,14.0,0.0,603.0,Carly Scottuez,False
6746,7117_01,Europa,True,B/236/P,55 Cancri e,28.0,False,0.0,0.0,0.0,0.0,0.0,Alasmon Secont,True
6324,6684_01,Europa,False,C/210/P,TRAPPIST-1e,57.0,False,0.0,218.0,0.0,8522.0,0.0,Geons Exhaft,False
8597,9178_01,Earth,False,F/1877/P,TRAPPIST-1e,53.0,False,49.0,584.0,0.0,0.0,70.0,Ernard Barnoldeney,False
7416,7930_01,Earth,True,,TRAPPIST-1e,13.0,False,0.0,0.0,0.0,0.0,0.0,Joela Bardsey,True
756,0794_01,Mars,,F/144/S,55 Cancri e,19.0,False,0.0,0.0,0.0,0.0,0.0,Nakes Dutte,True
1773,1886_01,Earth,False,E/141/S,TRAPPIST-1e,26.0,False,0.0,3.0,176.0,611.0,0.0,Briane Morrows,False
7394,7902_04,Earth,False,G/1276/P,TRAPPIST-1e,23.0,False,1.0,700.0,0.0,7.0,136.0,Luison Villenson,False
2100,2253_01,Earth,False,G/359/S,TRAPPIST-1e,54.0,False,701.0,32.0,171.0,8.0,0.0,Cherry Cruzaley,False
1940,2075_01,Earth,False,F/402/S,55 Cancri e,29.0,False,270.0,0.0,0.0,25.0,343.0,Janne Yatters,False
8192,8757_01,Earth,False,G/1409/S,TRAPPIST-1e,28.0,False,1.0,1484.0,210.0,0.0,5.0,Vine Danielps,True
2868,3100_01,Earth,False,G/485/S,TRAPPIST-1e,1.0,False,0.0,0.0,0.0,0.0,0.0,Andrey Farmonrada,False
6432,6787_06,Earth,False,F/1411/P,55 Cancri e,0.0,False,0.0,0.0,0.0,0.0,0.0,Joelan Booneid,True
7498,8021_01,Earth,True,G/1298/P,TRAPPIST-1e,23.0,False,0.0,0.0,0.0,0.0,0.0,Oraine Blandez,False
144,0164_02,Earth,True,G/28/S,PSO J318.5-22,17.0,False,0.0,0.0,0.0,0.0,0.0,Ianya Hutchinton,False
1736,1849_01,Earth,False,F/367/P,TRAPPIST-1e,25.0,False,113.0,0.0,0.0,1282.0,0.0,Antone Sellentry,False
5744,6092_01,Earth,False,F/1161/S,TRAPPIST-1e,16.0,,0.0,0.0,641.0,33.0,29.0,Karlie Singtons,True
3614,3883_03,Europa,True,B/150/S,55 Cancri e,13.0,False,0.0,0.0,0.0,,0.0,Dira Unreezy,True
2836,3062_01,Mars,False,D/99/S,TRAPPIST-1e,35.0,False,741.0,0.0,31.0,0.0,36.0,Hion Frasp,False
408,0446_01,Europa,True,B/21/P,55 Cancri e,22.0,False,0.0,0.0,0.0,0.0,0.0,Hadira Singmage,True
2406,2589_03,Europa,False,C/91/P,TRAPPIST-1e,26.0,False,0.0,8150.0,0.0,3508.0,99.0,,False
7000,7445_01,Earth,True,G/1208/S,TRAPPIST-1e,20.0,False,0.0,0.0,0.0,0.0,0.0,Coreen Hoppers,False
1506,1599_01,Europa,True,C/58/P,TRAPPIST-1e,19.0,False,0.0,0.0,,0.0,0.0,Giedion Drelcate,True
5505,5876_01,Mars,False,D/184/P,TRAPPIST-1e,52.0,False,1364.0,131.0,444.0,0.0,0.0,Eles Cone,True
7625,8144_02,Europa,False,B/270/P,TRAPPIST-1e,13.0,False,0.0,3680.0,0.0,1529.0,3854.0,Marfar Chsere,False
815,0867_01,Earth,False,F/163/S,TRAPPIST-1e,,False,2.0,850.0,18.0,2.0,0.0,Ernice Stephendsey,False
7779,8306_02,Earth,True,G/1351/P,PSO J318.5-22,29.0,False,0.0,0.0,0.0,0.0,0.0,Ianya Hardonald,True
3957,4220_01,Earth,False,E/263/P,TRAPPIST-1e,31.0,False,553.0,224.0,9.0,1.0,0.0,Tine Acobson,False
1058,1132_01,Earth,True,,TRAPPIST-1e,22.0,False,0.0,0.0,0.0,0.0,0.0,Kariel Benney,False
7888,8419_02,Earth,True,G/1349/S,TRAPPIST-1e,20.0,False,0.0,0.0,0.0,0.0,0.0,Doryn Mosepherry,True
2285,2455_01,Mars,False,F/471/S,TRAPPIST-1e,42.0,False,554.0,0.0,1168.0,0.0,275.0,Naish Muste,False
497,0537_01,Earth,False,G/83/P,TRAPPIST-1e,22.0,False,0.0,5.0,0.0,320.0,352.0,Kylen Staffersby,False
2271,2439_01,Earth,False,F/504/P,TRAPPIST-1e,24.0,False,227.0,537.0,13.0,0.0,0.0,Ninald Bardinard,True
8227,8794_01,Earth,False,E/563/P,TRAPPIST-1e,22.0,False,0.0,0.0,637.0,0.0,50.0,Rence Slatessen,True
988,1049_02,Mars,True,F/217/P,TRAPPIST-1e,31.0,False,0.0,0.0,0.0,0.0,0.0,Yakers Prie,True
792,0830_01,Earth,False,F/171/P,TRAPPIST-1e,31.0,False,14.0,5.0,0.0,795.0,0.0,Eilan Hinesh,True
3270,3514_01,Earth,False,G/576/P,TRAPPIST-1e,19.0,False,122.0,170.0,52.0,0.0,465.0,Mara Batestonley,False
102,0108_03,Earth,False,G/19/S,TRAPPIST-1e,0.0,,0.0,0.0,0.0,0.0,0.0,Oline Handertiz,True
8566,9149_01,Europa,True,B/350/S,55 Cancri e,37.0,False,0.0,0.0,0.0,,0.0,Canonon Dompreced,True
5531,5897_01,Europa,,C/221/S,55 Cancri e,25.0,False,0.0,0.0,0.0,0.0,0.0,,True
8658,9235_01,Earth,False,F/1789/S,TRAPPIST-1e,30.0,False,8.0,752.0,0.0,0.0,687.0,Joanny Burchrison,True
3907,4177_02,Europa,True,B/161/S,55 Cancri e,,False,0.0,0.0,0.0,0.0,0.0,Wezno Foraud,True
2293,2466_01,Earth,False,F/472/S,TRAPPIST-1e,42.0,False,,1.0,61.0,897.0,0.0,Carley Harmond,False
6087,6433_01,Mars,False,D/193/S,55 Cancri e,53.0,False,83.0,0.0,1590.0,60.0,0.0,Permit Prité,True
24,0020_04,Earth,False,E/0/S,TRAPPIST-1e,10.0,False,0.0,0.0,0.0,0.0,0.0,Breney Jacostanley,True
2158,2308_03,Europa,False,D/77/S,TRAPPIST-1e,33.0,False,0.0,2012.0,1.0,9124.0,4.0,Asellum Pringrous,False
1909,2045_01,Earth,True,G/324/S,55 Cancri e,42.0,False,0.0,0.0,0.0,0.0,,Gaylah Whitneyes,True
4041,4317_01,Mars,False,D/139/S,TRAPPIST-1e,24.0,False,439.0,0.0,2140.0,0.0,0.0,Babix Prine,True
7640,8157_01,Earth,False,G/1313/S,TRAPPIST-1e,0.0,False,0.0,0.0,0.0,0.0,0.0,Luisy Morelly,True
3469,3734_01,Earth,True,G/606/P,PSO J318.5-22,15.0,False,0.0,0.0,0.0,0.0,0.0,Mollen Bairdford,True
870,0932_01,Mars,True,,TRAPPIST-1e,29.0,False,0.0,0.0,0.0,0.0,0.0,Boats Pette,True
3526,3784_01,Earth,False,G/618/P,TRAPPIST-1e,77.0,False,0.0,,131.0,3981.0,108.0,Ale Morrencis,False
6211,6567_01,Earth,True,G/1063/P,TRAPPIST-1e,35.0,False,0.0,0.0,0.0,0.0,0.0,Maryne Buchansen,False
5517,5885_05,Earth,True,G/954/S,55 Cancri e,23.0,False,0.0,0.0,0.0,0.0,0.0,Philda Oneiles,True
6452,6813_01,Earth,False,F/1417/P,55 Cancri e,22.0,False,38.0,19.0,348.0,217.0,115.0,Thell Newtontoss,False
8593,9173_01,Earth,False,F/1876/P,PSO J318.5-22,33.0,False,0.0,688.0,2.0,0.0,426.0,Anda Cartez,False
8308,8867_02,Europa,True,B/286/P,55 Cancri e,38.0,False,0.0,0.0,0.0,0.0,0.0,Alrairk Ambleetive,True
2670,2861_01,Earth,False,F/547/S,TRAPPIST-1e,17.0,False,5.0,756.0,0.0,0.0,0.0,Evaley Marson,True
8371,8956_01,Earth,False,F/1838/P,TRAPPIST-1e,25.0,False,0.0,0.0,0.0,6.0,1989.0,Mela Bonnondry,False
1727,1836_01,Earth,False,F/362/P,TRAPPIST-1e,23.0,False,1639.0,1218.0,0.0,1.0,0.0,Ronne Meleon,True
3445,3711_01,Mars,True,F/700/S,TRAPPIST-1e,40.0,False,0.0,0.0,0.0,0.0,0.0,Coyal Quart,True
2842,3066_01,Earth,False,E/193/P,TRAPPIST-1e,35.0,False,1609.0,0.0,0.0,0.0,0.0,Felia Hortis,False
6181,6526_01,Earth,True,G/1056/P,TRAPPIST-1e,21.0,False,0.0,0.0,0.0,0.0,0.0,Raulia Larks,True
3307,3552_02,Europa,True,B/136/S,TRAPPIST-1e,18.0,False,0.0,0.0,0.0,0.0,0.0,Canonon Castery,True
4872,5197_01,Earth,False,E/325/P,,20.0,False,0.0,4.0,761.0,22.0,1.0,Rician Fowlaney,True
5581,5945_03,Earth,False,G/970/S,PSO J318.5-22,47.0,False,163.0,2.0,11.0,593.0,0.0,Alancy Morez,True
7059,7513_01,Earth,,E/488/P,TRAPPIST-1e,25.0,False,0.0,779.0,0.0,2.0,6.0,Marynk Welles,False
2354,2535_01,Earth,True,G/409/P,TRAPPIST-1e,28.0,False,0.0,0.0,0.0,0.0,0.0,Glene Bakerson,False
7007,7452_02,Europa,False,B/281/S,55 Cancri e,26.0,False,286.0,3387.0,575.0,213.0,548.0,Mirfark Sloweber,True
2136,2291_03,Earth,False,F/445/S,55 Cancri e,46.0,False,426.0,37.0,0.0,0.0,568.0,,False
6523,6891_01,Mars,False,D/215/P,TRAPPIST-1e,27.0,False,725.0,0.0,1660.0,0.0,0.0,Treynx Casty,True
5139,5488_04,Europa,True,B/186/P,TRAPPIST-1e,51.0,False,0.0,0.0,0.0,0.0,0.0,Weidus Hoorherve,True
4903,5225_01,Mars,True,E/334/S,TRAPPIST-1e,30.0,False,0.0,0.0,0.0,0.0,0.0,Chrets Sincy,True
1627,1723_01,Earth,False,E/128/S,TRAPPIST-1e,15.0,,852.0,0.0,0.0,135.0,0.0,Ivaney Holcompson,False
1637,1733_01,Earth,False,F/344/P,TRAPPIST-1e,15.0,False,1336.0,108.0,0.0,0.0,0.0,Stevey Chanan,False
4462,4743_01,Europa,False,E/306/S,TRAPPIST-1e,38.0,False,0.0,4504.0,0.0,13.0,302.0,Suhaion Ametic,True
4660,4972_01,Europa,False,B/162/P,55 Cancri e,35.0,False,87.0,1719.0,2750.0,0.0,79.0,Beneba Blentrary,True
8640,9220_02,Earth,True,G/1496/P,TRAPPIST-1e,20.0,False,0.0,0.0,0.0,0.0,0.0,Frey Meyerthy,True
4585,4887_01,Earth,False,F/991/P,TRAPPIST-1e,20.0,False,0.0,254.0,868.0,405.0,0.0,Debora Thomason,True
3753,4014_01,Europa,False,B/125/P,TRAPPIST-1e,42.0,False,0.0,456.0,1.0,1193.0,3039.0,Hekabih Metful,False
6892,7300_01,Earth,False,G/1189/S,TRAPPIST-1e,35.0,False,0.0,0.0,885.0,0.0,0.0,Joana Emenez,True
2254,2414_01,Europa,False,T/1/P,TRAPPIST-1e,42.0,False,0.0,1829.0,2.0,3133.0,2447.0,Mergak Headfair,False
1703,1810_01,Mars,False,F/356/P,TRAPPIST-1e,56.0,False,4694.0,0.0,2661.0,51.0,0.0,Whee Ruité,False
501,0539_03,,True,C/18/P,55 Cancri e,30.0,False,0.0,0.0,0.0,0.0,0.0,Alderak Nalanet,True
3309,3555_01,Earth,False,F/735/P,TRAPPIST-1e,28.0,False,766.0,0.0,1.0,258.0,26.0,Gwendy Sykess,True
3478,3742_02,Earth,True,G/607/P,TRAPPIST-1e,24.0,False,0.0,0.0,0.0,0.0,0.0,Paulia Hickett,True
3184,3433_01,Europa,False,C/114/P,55 Cancri e,74.0,False,0.0,1026.0,0.0,6616.0,119.0,Alik Spirfuent,False
6413,6774_03,Earth,False,F/1408/P,TRAPPIST-1e,33.0,False,0.0,0.0,704.0,0.0,0.0,Tancis Steinardson,False
640,0669_01,Earth,False,F/143/P,TRAPPIST-1e,26.0,False,0.0,530.0,2.0,9.0,403.0,Elanie Hardson,False
2262,2426_02,Mars,True,F/466/S,TRAPPIST-1e,18.0,False,0.0,0.0,0.0,0.0,0.0,Kies Gine,True
385,0427_01,Europa,False,E/26/P,TRAPPIST-1e,31.0,False,417.0,,7185.0,562.0,792.0,Algor Efulows,True
4300,4581_02,Europa,False,B/181/S,55 Cancri e,37.0,False,0.0,2337.0,0.0,204.0,76.0,Neutrin Entedraved,True
7784,8313_01,Earth,False,G/1341/S,TRAPPIST-1e,30.0,False,467.0,0.0,0.0,0.0,287.0,Sallie Gainney,False
783,0822_01,Earth,False,F/156/S,TRAPPIST-1e,19.0,False,0.0,561.0,10.0,0.0,161.0,Scotte Sweeton,True
3678,3952_01,Earth,False,F/746/S,TRAPPIST-1e,51.0,False,0.0,0.0,0.0,544.0,12.0,Earlie Rodricker,False
2366,2549_01,Mars,False,F/522/P,TRAPPIST-1e,62.0,False,1663.0,0.0,23.0,2.0,12.0,Wafox Prin,False
5120,5468_01,Europa,True,B/208/S,TRAPPIST-1e,32.0,,0.0,0.0,0.0,0.0,0.0,Brafirk Unprive,True
625,0650_01,Earth,True,G/95/S,PSO J318.5-22,3.0,False,0.0,0.0,0.0,0.0,0.0,Eulah Hammonton,True
3209,3454_01,Earth,True,G/568/P,TRAPPIST-1e,21.0,False,0.0,0.0,0.0,0.0,0.0,Brance Byerson,False
1775,1888_01,Earth,False,F/361/S,TRAPPIST-1e,30.0,False,116.0,0.0,0.0,728.0,29.0,Benda Barrelliver,True
2300,2475_01,Europa,False,C/85/P,TRAPPIST-1e,,False,0.0,27.0,0.0,3573.0,3643.0,Golaron Folhal,False
3055,3299_01,Earth,,G/524/S,TRAPPIST-1e,24.0,False,0.0,0.0,0.0,0.0,0.0,Verney Dillestron,False
1511,1603_02,Earth,True,G/256/P,TRAPPIST-1e,7.0,False,0.0,0.0,0.0,0.0,0.0,Card Carreralend,True
7600,8122_02,Europa,False,C/302/S,TRAPPIST-1e,37.0,False,79.0,218.0,0.0,442.0,659.0,Arkaban Coning,True
4780,5103_01,Europa,True,E/317/P,TRAPPIST-1e,56.0,False,0.0,0.0,0.0,0.0,0.0,Proxima Poless,True
3422,3688_03,Mars,True,F/697/S,TRAPPIST-1e,20.0,False,0.0,0.0,0.0,0.0,0.0,Donut Onbre,True
2581,2768_01,Earth,False,F/533/S,TRAPPIST-1e,36.0,False,123.0,3.0,,7.0,0.0,Herina Cartz,True
5313,5679_03,Earth,True,G/920/S,TRAPPIST-1e,20.0,False,0.0,0.0,0.0,0.0,0.0,Jennya Casonston,True
4543,4832_01,Earth,False,E/301/P,,37.0,False,542.0,440.0,1.0,0.0,0.0,Erman Estron,False
8493,9073_02,Europa,True,B/347/S,55 Cancri e,53.0,False,0.0,0.0,,0.0,0.0,Wimpha Shricatory,True
1106,1170_01,Earth,False,E/83/S,TRAPPIST-1e,23.0,False,0.0,0.0,279.0,0.0,512.0,Samie Mcneiley,False
6761,7137_01,Earth,False,F/1479/P,TRAPPIST-1e,23.0,False,,134.0,482.0,,27.0,Gabrin Duffmaney,False
6806,7188_02,Europa,False,C/233/P,TRAPPIST-1e,28.0,False,0.0,2896.0,46.0,5248.0,8169.0,Taura Imingle,False
552,0581_01,Earth,False,E/38/S,TRAPPIST-1e,22.0,False,0.0,0.0,601.0,183.0,4.0,Chael Woodgezalez,False
7460,7984_01,Mars,False,F/1653/P,TRAPPIST-1e,4.0,False,0.0,0.0,0.0,0.0,0.0,Cran Birt,True
1999,2136_01,Earth,False,G/343/S,TRAPPIST-1e,61.0,False,2.0,0.0,17.0,868.0,28.0,Sallie Waltonnedy,False
4460,4741_02,Mars,False,F/961/P,55 Cancri e,0.0,,0.0,0.0,0.0,0.0,0.0,Chal Bau,True
258,0285_02,Europa,True,E/16/P,55 Cancri e,42.0,False,0.0,0.0,0.0,0.0,0.0,Grasath Invebodene,True
3512,3773_01,Earth,False,F/711/S,PSO J318.5-22,22.0,False,2.0,257.0,348.0,2.0,0.0,Ivanna Prestonard,True
6858,7253_01,Europa,False,D/225/P,TRAPPIST-1e,26.0,False,0.0,896.0,0.0,690.0,1.0,Alaron Obedaming,True
5459,5820_01,Earth,,F/1112/S,TRAPPIST-1e,45.0,False,112.0,406.0,198.0,0.0,0.0,Ellene Tersony,True
4284,4564_01,Earth,False,G/745/P,TRAPPIST-1e,30.0,False,,43.0,0.0,0.0,6.0,Tera Merkins,False
6429,6787_03,Earth,False,F/1411/P,TRAPPIST-1e,17.0,False,108.0,4.0,1898.0,13.0,0.0,Therta Hurchanney,False
8609,9189_01,Earth,False,F/1777/S,PSO J318.5-22,18.0,False,87.0,41.0,483.0,0.0,0.0,Ralda Barnoldeney,False
3295,3540_01,Earth,True,G/579/P,PSO J318.5-22,14.0,False,0.0,0.0,0.0,0.0,0.0,Leonyl Buchansen,True
7040,7498_03,Mars,False,F/1550/P,TRAPPIST-1e,27.0,True,30.0,0.0,910.0,0.0,0.0,Beals Cola,True
2109,2262_01,Earth,False,G/365/P,55 Cancri e,43.0,False,485.0,4.0,136.0,48.0,0.0,Clarry Kimpson,False
2798,3021_02,Earth,False,F/574/S,TRAPPIST-1e,37.0,False,608.0,0.0,6.0,0.0,1637.0,Billey Spencervan,False
7334,7848_02,Mars,True,F/1501/S,TRAPPIST-1e,46.0,False,0.0,0.0,0.0,0.0,0.0,Beass Pine,True
7446,7967_01,Earth,False,G/1288/S,TRAPPIST-1e,21.0,False,691.0,0.0,0.0,,15.0,Doray Ricews,False
5666,6020_05,Earth,False,F/1242/P,55 Cancri e,34.0,False,0.0,968.0,273.0,,283.0,Mabela Hanner,False
6272,6639_01,Earth,True,G/1075/P,PSO J318.5-22,18.0,False,0.0,0.0,0.0,0.0,0.0,Nelsie Strony,True
7753,8272_03,Mars,True,F/1587/S,TRAPPIST-1e,29.0,False,0.0,,0.0,,0.0,Plat Fache,True
4171,4450_04,Europa,False,C/140/P,TRAPPIST-1e,28.0,False,0.0,3627.0,0.0,31.0,3263.0,Altar Clugete,False
3126,3371_01,Earth,False,F/694/P,TRAPPIST-1e,42.0,False,0.0,3.0,0.0,898.0,1.0,Marix Birds,False
7800,8324_01,Earth,True,G/1353/P,PSO J318.5-22,24.0,False,0.0,0.0,0.0,0.0,0.0,Edgary Sextones,False
7289,7791_01,Earth,False,F/1491/S,55 Cancri e,64.0,False,19.0,261.0,208.0,0.0,214.0,Nadie Owerson,False
3147,3394_01,Earth,False,F/700/P,PSO J318.5-22,19.0,False,0.0,463.0,269.0,0.0,4.0,Jasony Klindsayer,True
7689,8204_02,Europa,False,E/541/S,TRAPPIST-1e,30.0,False,209.0,157.0,2566.0,171.0,472.0,Terion Distured,False
5533,5900_01,Mars,True,F/1220/P,TRAPPIST-1e,62.0,False,0.0,,0.0,0.0,0.0,Forms Nutca,True
5070,5416_03,Mars,True,F/1114/P,TRAPPIST-1e,18.0,False,0.0,0.0,0.0,0.0,0.0,Ech Saf,True
1159,1225_01,Earth,False,F/244/P,TRAPPIST-1e,18.0,False,2.0,1311.0,60.0,28.0,1.0,Margia Morrodgers,True
2792,3014_01,Europa,False,C/115/S,55 Cancri e,40.0,False,82.0,1390.0,0.0,347.0,6237.0,Alduson Oilpuring,False
6053,6402_04,Earth,False,G/1032/P,PSO J318.5-22,18.0,False,0.0,0.0,1720.0,1.0,0.0,Fayen Bradamss,True
7722,8238_02,Earth,True,G/1328/S,55 Cancri e,19.0,False,0.0,0.0,0.0,0.0,0.0,Allara Thomason,False
3641,3915_01,Earth,True,G/641/S,TRAPPIST-1e,33.0,False,0.0,0.0,0.0,0.0,0.0,Leondy Mayods,True
2098,2251_02,Europa,False,A/29/S,TRAPPIST-1e,58.0,False,2.0,1.0,14.0,2.0,1153.0,Zaurion Hoodjuded,False
5043,5390_02,Earth,True,G/872/S,PSO J318.5-22,20.0,False,0.0,0.0,0.0,0.0,0.0,Mayne Owerson,True
3396,3653_01,Earth,False,G/592/S,TRAPPIST-1e,29.0,False,97.0,0.0,444.0,366.0,0.0,Ally Thonyderson,False
4901,5223_03,Mars,True,F/1002/S,TRAPPIST-1e,8.0,False,0.0,0.0,0.0,0.0,0.0,Koot Fla,True
1607,1708_01,Earth,False,F/338/P,PSO J318.5-22,70.0,False,0.0,3.0,1.0,2.0,1290.0,Lavey Hopez,False
206,0221_04,Mars,True,E/13/S,TRAPPIST-1e,21.0,False,0.0,0.0,0.0,0.0,0.0,Eerch Reke,True
475,0512_01,Europa,False,D/18/S,55 Cancri e,32.0,False,0.0,5755.0,0.0,59.0,122.0,Sadirak Nateansive,True
3242,3485_02,Europa,True,E/237/S,TRAPPIST-1e,24.0,False,0.0,0.0,0.0,0.0,0.0,Ankabih Tradve,True
959,1022_01,Earth,False,,TRAPPIST-1e,15.0,,48.0,6.0,0.0,954.0,0.0,Melvia Blanglison,False
5225,5574_01,Earth,False,F/1155/P,55 Cancri e,14.0,False,714.0,237.0,0.0,587.0,1.0,Dorah Polliamposs,False
4192,4472_02,Earth,False,F/920/P,TRAPPIST-1e,27.0,False,110.0,0.0,638.0,0.0,0.0,Kerrie Bartez,False
5617,5976_01,Mars,False,D/182/S,TRAPPIST-1e,33.0,False,3090.0,0.0,808.0,0.0,0.0,Mits Mane,False
7218,7711_01,,,D/241/P,TRAPPIST-1e,24.0,False,0.0,82.0,0.0,1624.0,77.0,Jihoton Muspereed,False
1179,1248_01,Earth,False,F/239/S,PSO J318.5-22,27.0,False,0.0,,0.0,0.0,0.0,Landa Ewiseston,True
6870,7270_01,Earth,True,G/1170/P,TRAPPIST-1e,37.0,False,0.0,0.0,0.0,0.0,0.0,Hillie Garden,True
7710,8226_02,Mars,True,F/1572/S,TRAPPIST-1e,37.0,False,0.0,0.0,0.0,0.0,0.0,Guark Mille,True
299,0331_01,Earth,False,F/72/P,TRAPPIST-1e,25.0,False,0.0,0.0,251.0,0.0,552.0,Lewise Burchard,False
4630,4932_02,Mars,True,F/1005/P,55 Cancri e,3.0,False,0.0,0.0,0.0,0.0,0.0,Cird Fisty,True
2160,2309_01,Earth,True,G/371/P,PSO J318.5-22,5.0,False,0.0,0.0,0.0,0.0,0.0,Feryla Whitledges,False
3477,3742_01,Earth,True,G/607/P,55 Cancri e,2.0,False,0.0,0.0,,0.0,0.0,Luzel Hickett,False
2466,2645_04,Europa,False,C/95/S,55 Cancri e,28.0,False,0.0,3053.0,0.0,839.0,2153.0,Meratz Improus,True
2658,2846_01,Earth,True,G/452/S,TRAPPIST-1e,28.0,False,0.0,0.0,0.0,0.0,0.0,Margio Lardsonald,True
6155,6492_01,Earth,True,G/1055/S,PSO J318.5-22,28.0,False,0.0,0.0,0.0,0.0,0.0,Dawne Bushallert,True
1062,1140_01,Europa,False,B/46/S,TRAPPIST-1e,53.0,False,0.0,143.0,1632.0,3.0,756.0,Scelava Sofraten,True
7327,7841_01,Earth,False,G/1260/P,PSO J318.5-22,43.0,False,6.0,25.0,0.0,5250.0,0.0,Netty Maynardner,False
4574,4875_01,Earth,False,F/926/S,TRAPPIST-1e,21.0,False,529.0,8.0,89.0,21.0,0.0,Willey Morrows,True
1347,1424_02,Europa,False,B/47/P,55 Cancri e,29.0,False,2988.0,2147.0,0.0,0.0,1779.0,Goros Sageng,False
8118,8669_03,Earth,False,F/1677/S,TRAPPIST-1e,55.0,False,506.0,0.0,456.0,0.0,0.0,Leence Cartiz,False
7844,8371_01,Earth,False,F/1605/S,55 Cancri e,52.0,False,0.0,0.0,638.0,115.0,0.0,Everly Lewinez,True
3892,4172_04,Mars,False,F/856/P,55 Cancri e,24.0,False,1363.0,0.0,50.0,0.0,0.0,Puffs Facle,False
2478,2659_01,Mars,False,E/182/S,TRAPPIST-1e,14.0,False,,0.0,0.0,0.0,0.0,Luse Gelie,True
3721,3997_01,Earth,False,G/657/S,55 Cancri e,25.0,False,0.0,83.0,0.0,439.0,0.0,Aliedy Yanton,False
3324,3568_01,Earth,False,F/740/P,TRAPPIST-1e,14.0,False,30.0,59.0,0.0,572.0,0.0,Emmax Parklaney,False
5487,5855_02,Earth,False,G/949/P,PSO J318.5-22,41.0,False,0.0,0.0,687.0,0.0,65.0,Rhony Horndley,True
6420,6779_04,Europa,False,B/258/S,TRAPPIST-1e,11.0,False,0.0,0.0,0.0,0.0,0.0,Altara Stioutody,True
8584,9163_01,Earth,True,G/1477/S,TRAPPIST-1e,0.0,False,0.0,0.0,0.0,0.0,0.0,Idace Edwartizman,True
6664,7026_01,Europa,False,A/86/S,55 Cancri e,37.0,False,0.0,1678.0,0.0,36.0,3128.0,Alpha Amonsmane,False
3845,4114_01,Mars,True,E/270/S,TRAPPIST-1e,31.0,False,0.0,0.0,0.0,0.0,0.0,Rowls Porté,True
3490,3750_02,Earth,False,G/610/P,TRAPPIST-1e,48.0,False,396.0,0.0,,0.0,297.0,Leony Mayods,False
1014,1083_02,Mars,True,F/206/S,TRAPPIST-1e,23.0,False,0.0,0.0,0.0,0.0,0.0,Pars Sfin,True
4086,4361_01,Earth,False,F/819/S,55 Cancri e,27.0,False,0.0,14.0,0.0,734.0,331.0,Carona Coopezmaney,True
2266,2432_01,Earth,False,F/499/P,TRAPPIST-1e,19.0,False,0.0,0.0,79.0,,0.0,Cellex Anthompson,False
6410,6773_01,Earth,False,F/1407/P,TRAPPIST-1e,33.0,False,47.0,0.0,0.0,,3047.0,Scotte Greeves,False
7145,7623_01,Earth,False,G/1223/P,TRAPPIST-1e,40.0,False,0.0,0.0,84.0,798.0,0.0,Ricia Valexandez,False
1956,2092_01,Mars,False,D/70/S,TRAPPIST-1e,18.0,False,29.0,0.0,2315.0,0.0,1.0,Muffs Blan,True
7467,7988_01,Europa,True,B/313/S,TRAPPIST-1e,49.0,False,0.0,0.0,0.0,0.0,0.0,Phoros Wirdley,True
6419,6779_03,Europa,True,B/258/S,TRAPPIST-1e,44.0,False,0.0,0.0,0.0,0.0,0.0,Tabanar Stioutody,True
6471,6827_03,Europa,True,A/84/S,TRAPPIST-1e,50.0,False,0.0,0.0,0.0,0.0,0.0,Zinoces Listive,True
7778,8306_01,Earth,False,G/1351/P,TRAPPIST-1e,6.0,False,0.0,0.0,0.0,0.0,0.0,Allene Hardonald,True
6224,6583_02,Europa,False,B/254/S,55 Cancri e,53.0,False,0.0,2606.0,0.0,1170.0,0.0,Zinon Asivetfuel,True
4666,4975_02,Earth,False,G/813/S,TRAPPIST-1e,12.0,False,0.0,0.0,0.0,0.0,0.0,Gerly Wartyson,True
3524,3781_01,Europa,False,A/44/S,TRAPPIST-1e,38.0,False,821.0,960.0,0.0,27.0,321.0,Sabit Spirfuent,False
3942,4208_01,Mars,False,D/144/P,55 Cancri e,37.0,False,326.0,0.0,455.0,2.0,0.0,Aarjel Jaff,False
3671,3942_01,Earth,True,G/645/S,PSO J318.5-22,20.0,False,0.0,0.0,0.0,0.0,0.0,Floyde Grahangory,False
900,0970_01,Earth,True,G/142/P,TRAPPIST-1e,19.0,False,0.0,0.0,0.0,0.0,0.0,Tamie Blace,True
8599,9179_02,Earth,False,G/1494/P,TRAPPIST-1e,31.0,False,459.0,194.0,0.0,5.0,125.0,Hollie Tranciams,False
1482,1572_02,Earth,False,F/309/P,TRAPPIST-1e,25.0,False,4.0,0.0,146.0,723.0,0.0,Lynnie Pager,False
58,0064_01,Mars,True,F/14/S,TRAPPIST-1e,15.0,False,0.0,0.0,0.0,0.0,0.0,,True
881,0944_01,Earth,False,G/137/P,TRAPPIST-1e,16.0,False,891.0,0.0,831.0,0.0,0.0,Hilley Weaverays,False
6344,6709_01,Earth,True,G/1092/S,TRAPPIST-1e,22.0,False,0.0,0.0,0.0,0.0,,Lanedy Antoshipson,True
7055,7508_01,Europa,False,B/284/S,TRAPPIST-1e,23.0,False,3580.0,564.0,103.0,,90.0,Alar Exible,False
6578,6940_01,Mars,False,F/1326/S,TRAPPIST-1e,39.0,False,9.0,0.0,687.0,0.0,0.0,Goats Steen,True
3791,4044_03,Mars,True,F/765/S,TRAPPIST-1e,10.0,False,0.0,0.0,0.0,0.0,0.0,Rowls Can,True
8432,9008_01,Earth,False,F/1745/S,TRAPPIST-1e,31.0,False,0.0,173.0,409.0,102.0,43.0,Robina Herreras,False
4469,4752_01,Mars,False,F/964/P,PSO J318.5-22,56.0,False,233.0,0.0,1356.0,0.0,171.0,Terek Knike,False
1654,1755_01,Earth,True,G/273/S,TRAPPIST-1e,26.0,False,0.0,0.0,0.0,0.0,0.0,Leneva Mulley,False
5971,6326_01,Earth,False,F/1307/P,TRAPPIST-1e,20.0,False,0.0,20.0,1.0,696.0,0.0,Therek Hinetthews,False
8360,8942_01,Europa,False,C/297/P,TRAPPIST-1e,36.0,False,0.0,3423.0,0.0,466.0,349.0,Muontak Haftical,True
5918,6277_01,Earth,True,G/1014/S,TRAPPIST-1e,23.0,False,0.0,0.0,0.0,,0.0,Kylen Haynardy,True
8518,9085_03,Europa,True,A/95/P,TRAPPIST-1e,57.0,False,0.0,0.0,0.0,0.0,0.0,Atrix Hometerval,True
8073,8633_01,Earth,False,F/1665/S,TRAPPIST-1e,17.0,False,2.0,33.0,97.0,553.0,,Jenne Daughessey,False
1151,1215_01,Earth,True,G/187/S,TRAPPIST-1e,28.0,False,0.0,0.0,0.0,0.0,0.0,Kaye Huntt,True
7539,8059_01,,False,G/1302/P,TRAPPIST-1e,20.0,False,0.0,38.0,0.0,0.0,1779.0,Leria Merrelliss,False
3623,3897_01,Earth,True,G/635/P,TRAPPIST-1e,25.0,False,0.0,0.0,0.0,0.0,0.0,Elson Peckers,False
4581,4883_01,,True,G/788/P,TRAPPIST-1e,38.0,False,0.0,0.0,0.0,0.0,0.0,Darley Carrishley,True
405,0444_02,,False,F/99/P,TRAPPIST-1e,26.0,True,1869.0,0.0,136.0,0.0,0.0,Colal Curte,False
7840,8368_01,Earth,True,G/1365/P,TRAPPIST-1e,4.0,False,0.0,0.0,0.0,0.0,0.0,Murie Dayers,True
684,0714_01,Earth,True,G/109/P,PSO J318.5-22,38.0,False,0.0,0.0,0.0,0.0,0.0,Erie Rilley,True
2118,2272_02,Earth,True,,55 Cancri e,21.0,False,0.0,0.0,0.0,0.0,0.0,Mela Quinnerettt,True
2322,2505_01,,False,E/149/P,TRAPPIST-1e,19.0,False,0.0,13.0,291.0,481.0,2.0,Dia Mckinn,False
3383,3641_02,Earth,False,G/595/P,TRAPPIST-1e,48.0,False,,0.0,1.0,0.0,0.0,Lilasa Powery,False
5270,5625_02,Mars,,E/352/P,PSO J318.5-22,49.0,False,0.0,0.0,0.0,0.0,0.0,Cros Nane,False
3952,4218_01,Mars,True,F/867/P,TRAPPIST-1e,29.0,False,0.0,0.0,0.0,0.0,0.0,Gops Tert,True
795,0835_01,Earth,False,G/124/S,55 Cancri e,14.0,False,77.0,0.0,9.0,424.0,166.0,Briane Frazie,False
2373,2552_03,Earth,False,G/408/S,55 Cancri e,4.0,False,0.0,0.0,0.0,0.0,0.0,Teryla Vincenton,True
4838,5162_01,Mars,True,F/988/S,55 Cancri e,16.0,False,0.0,0.0,0.0,0.0,0.0,Hoce Barne,True
1672,1771_01,Earth,False,G/291/P,TRAPPIST-1e,35.0,False,0.0,338.0,436.0,,0.0,Antone Cardner,True
1418,1500_03,Earth,False,G/230/S,55 Cancri e,17.0,False,0.0,55.0,913.0,0.0,55.0,Joandy Barbes,True
2234,2395_01,Earth,False,G/387/P,TRAPPIST-1e,49.0,False,712.0,1.0,0.0,0.0,,Olgary Toddleton,False
7166,7646_03,Europa,False,C/285/S,55 Cancri e,24.0,False,145.0,4224.0,0.0,5.0,61.0,Alwaide Sometery,True
2296,2470_02,Earth,False,G/398/S,TRAPPIST-1e,26.0,False,0.0,,0.0,543.0,,Nance Bookst,False
555,0583_02,Mars,True,F/109/S,TRAPPIST-1e,0.0,False,0.0,0.0,0.0,0.0,0.0,Beeres Erle,True
5087,5435_01,Mars,False,F/1121/P,TRAPPIST-1e,50.0,False,846.0,0.0,280.0,280.0,0.0,Fal Blane,False
8379,8959_01,Europa,True,C/298/P,TRAPPIST-1e,32.0,False,0.0,0.0,0.0,0.0,0.0,Wimps Unhearfus,True
4395,4663_05,Earth,True,G/765/S,TRAPPIST-1e,33.0,False,0.0,0.0,0.0,0.0,0.0,Eilace Cartez,True
770,0809_03,Mars,False,F/151/S,TRAPPIST-1e,42.0,False,836.0,0.0,51.0,304.0,0.0,Smal Meake,False
5819,6157_01,Mars,False,E/407/S,TRAPPIST-1e,49.0,False,460.0,86.0,92.0,659.0,0.0,Weros Bost,False
5571,5931_01,Europa,False,A/56/P,55 Cancri e,39.0,False,0.0,0.0,0.0,1854.0,171.0,Alcoran Clugeammy,False
1594,1690_01,Earth,False,F/335/P,TRAPPIST-1e,28.0,False,0.0,26.0,88.0,5.0,754.0,Heryle Paulllegory,False
5891,6245_01,Earth,False,G/1011/S,TRAPPIST-1e,20.0,False,0.0,0.0,841.0,5.0,0.0,Eleaha Estron,True
1753,1865_02,Earth,False,G/292/S,TRAPPIST-1e,1.0,False,0.0,0.0,0.0,0.0,0.0,Dandra Roses,False
5703,6039_02,Earth,False,F/1148/S,,32.0,False,3.0,0.0,0.0,0.0,757.0,Myrace Powery,False
5954,6315_01,Europa,False,C/234/S,TRAPPIST-1e,28.0,False,0.0,,0.0,6.0,9837.0,Chelik Susent,False
4514,4796_02,Mars,True,E/311/S,,43.0,False,0.0,0.0,0.0,0.0,0.0,Stmeal Cre,True
7834,8365_01,Earth,True,G/1363/P,55 Cancri e,25.0,False,0.0,0.0,0.0,0.0,0.0,Katiey Bardina,True
4636,4937_01,Earth,False,G/803/S,TRAPPIST-1e,34.0,False,1242.0,444.0,0.0,22.0,0.0,Besse Simonddler,False
8344,8919_01,Europa,False,C/331/S,TRAPPIST-1e,27.0,False,0.0,2481.0,0.0,3657.0,93.0,Zedark Crantiale,False
2454,2633_01,Earth,False,G/428/P,55 Cancri e,26.0,False,0.0,0.0,0.0,0.0,,Herina Popez,False
419,0454_03,Europa,True,B/15/S,TRAPPIST-1e,43.0,False,0.0,0.0,0.0,0.0,0.0,Hallux Geoconne,True
726,0768_02,Europa,True,B/32/P,TRAPPIST-1e,31.0,False,0.0,0.0,0.0,,0.0,Arix Oilloody,True
5576,5939_01,,False,E/385/S,TRAPPIST-1e,30.0,False,628.0,0.0,544.0,0.0,126.0,Life Queke,False
7111,7579_01,Earth,False,G/1229/S,PSO J318.5-22,45.0,False,1.0,7.0,56.0,613.0,0.0,Willy Curton,True
134,0146_01,Earth,False,G/25/S,TRAPPIST-1e,56.0,False,0.0,0.0,0.0,0.0,0.0,Verly Wolferguson,False
5725,6066_02,Europa,False,C/226/S,55 Cancri e,55.0,False,8142.0,8.0,0.0,1481.0,0.0,Terion Mallisly,False
830,0885_02,Earth,True,G/133/S,55 Cancri e,52.0,False,0.0,0.0,0.0,0.0,0.0,Velyne Pittson,True
1257,1330_02,Mars,False,D/46/S,TRAPPIST-1e,28.0,False,120.0,8.0,1128.0,1.0,7.0,Hocops Datty,True
8300,8862_02,Europa,False,C/329/S,PSO J318.5-22,38.0,True,0.0,2191.0,863.0,207.0,6262.0,Menkin Cluted,False
7135,7606_01,Mars,True,F/1453/S,TRAPPIST-1e,54.0,False,0.0,0.0,0.0,0.0,0.0,Turbix Bau,True
7022,7477_01,Earth,False,F/1546/P,PSO J318.5-22,22.0,False,27.0,0.0,0.0,663.0,0.0,Jimmya Fielson,False
6871,7271_01,Earth,False,G/1171/P,55 Cancri e,21.0,False,61.0,201.0,222.0,161.0,60.0,,False
3930,4197_01,Earth,False,F/786/S,TRAPPIST-1e,66.0,False,610.0,2549.0,0.0,17.0,0.0,Stanya Cooks,True
737,0772_03,,True,E/56/S,TRAPPIST-1e,26.0,False,0.0,0.0,0.0,0.0,0.0,Weia Hednigic,True
260,0287_01,Europa,True,,55 Cancri e,39.0,False,0.0,0.0,0.0,0.0,0.0,Tetra Bootty,True
5784,6127_01,Europa,False,E/404/S,TRAPPIST-1e,27.0,False,551.0,1436.0,0.0,462.0,309.0,Axionif Crueld,False
2972,3216_03,Earth,False,E/213/S,TRAPPIST-1e,23.0,False,0.0,1573.0,0.0,36.0,0.0,Inerry Haydenzier,True
4829,5151_01,Mars,True,F/1052/P,TRAPPIST-1e,14.0,False,0.0,0.0,0.0,0.0,0.0,Flark Cotik,True
325,0365_01,Earth,False,G/51/S,55 Cancri e,,False,0.0,0.0,0.0,685.0,21.0,Dandra Jacostaney,False
658,0687_01,Mars,False,D/23/S,TRAPPIST-1e,19.0,False,3097.0,0.0,9.0,0.0,213.0,Lix Concy,False
4040,4316_01,Earth,False,F/894/P,PSO J318.5-22,,False,0.0,22.0,0.0,1156.0,0.0,Marace Cleang,False
3597,3868_01,Earth,False,F/731/S,TRAPPIST-1e,63.0,False,1540.0,,0.0,0.0,1.0,Brie Braymon,False
6600,6968_02,Earth,False,F/1447/P,PSO J318.5-22,20.0,False,0.0,,0.0,0.0,1318.0,Randa Yanton,False
1037,1102_01,Mars,,F/227/P,PSO J318.5-22,39.0,False,173.0,0.0,660.0,1.0,781.0,Boats Dan,False
5900,6254_01,Europa,True,B/243/S,TRAPPIST-1e,37.0,False,0.0,0.0,0.0,0.0,0.0,Errak Pokeck,True
1816,1939_02,Mars,False,D/62/P,TRAPPIST-1e,13.0,False,3037.0,10.0,43.0,0.0,0.0,Sex Burta,False
1107,1173_01,Earth,False,G/182/S,PSO J318.5-22,24.0,,96.0,592.0,12.0,0.0,0.0,Ryany Gallandez,True
3975,4244_01,Earth,False,F/794/S,TRAPPIST-1e,17.0,False,0.0,628.0,0.0,66.0,449.0,Yvetta Weaverays,True
3823,4089_01,Europa,False,A/48/S,TRAPPIST-1e,36.0,False,0.0,2177.0,0.0,1097.0,144.0,Mothab Tachor,True
3111,3353_05,Europa,False,C/125/S,55 Cancri e,19.0,False,0.0,4494.0,0.0,11.0,3460.0,Ankaan Reming,True
1686,1792_01,Mars,False,F/352/P,TRAPPIST-1e,73.0,False,27.0,2.0,71.0,1208.0,0.0,Duckes Brazo,False
6640,7001_01,Europa,True,D/213/S,TRAPPIST-1e,31.0,False,0.0,0.0,0.0,0.0,0.0,Majora Guieroolow,True
1310,1389_01,Earth,True,G/212/S,55 Cancri e,38.0,False,0.0,0.0,0.0,0.0,0.0,Hatty Lowelliott,True
8195,8760_01,Earth,False,F/1696/S,,22.0,False,804.0,0.0,0.0,0.0,0.0,Tance Alvasquez,False
4604,4903_01,Earth,False,F/995/P,55 Cancri e,23.0,False,62.0,0.0,0.0,1.0,2203.0,Arla Moodman,False
3624,3898_01,Earth,True,G/636/S,TRAPPIST-1e,14.0,False,0.0,0.0,0.0,0.0,0.0,Moniey Vinston,True
858,0923_02,Europa,True,B/38/S,TRAPPIST-1e,22.0,False,0.0,0.0,0.0,0.0,0.0,Alpha Stiviorad,True
8610,9190_01,Earth,False,F/1778/S,TRAPPIST-1e,21.0,False,802.0,0.0,1.0,1.0,0.0,Fanne Mclarseney,True
8477,9059_01,Earth,False,F/1753/S,TRAPPIST-1e,16.0,False,866.0,0.0,0.0,184.0,0.0,Anda Gregordy,False
8646,9226_01,Earth,False,F/1788/S,,22.0,False,676.0,0.0,13.0,0.0,12.0,Stendy Connelson,False
6605,6971_03,Europa,True,C/225/P,TRAPPIST-1e,19.0,False,0.0,0.0,0.0,0.0,0.0,Alkaida Distured,True
6997,7442_01,Earth,False,E/495/S,TRAPPIST-1e,43.0,False,20.0,0.0,726.0,,0.0,Antony Morrencis,False
2074,2223_01,Earth,False,G/358/S,TRAPPIST-1e,,False,0.0,86.0,0.0,252.0,570.0,Glena Vanglis,False
2536,2723_01,Europa,True,C/99/S,TRAPPIST-1e,24.0,False,0.0,0.0,0.0,0.0,0.0,Bosonan Boderbint,True
6994,7437_02,Europa,True,B/279/S,TRAPPIST-1e,47.0,False,0.0,0.0,0.0,0.0,0.0,Kraban Disgul,True
2123,2275_01,Mars,False,F/460/P,PSO J318.5-22,36.0,False,241.0,0.0,670.0,0.0,0.0,Mos Tirt,False
7533,8055_01,Earth,False,E/533/S,TRAPPIST-1e,27.0,False,0.0,0.0,846.0,59.0,0.0,Joeula Baxterson,False
6108,6449_01,Mars,False,E/430/S,TRAPPIST-1e,18.0,False,0.0,0.0,0.0,0.0,0.0,Gous Empie,False
865,0927_01,Earth,False,G/140/S,TRAPPIST-1e,25.0,False,0.0,,699.0,43.0,22.0,Emmax Avisnydes,False
2993,3237_02,Mars,False,F/677/P,TRAPPIST-1e,7.0,False,0.0,0.0,0.0,0.0,0.0,Chrets Lapie,True
8460,9034_04,Europa,False,D/288/P,TRAPPIST-1e,60.0,False,0.0,,947.0,668.0,1.0,,True
7208,7700_01,Mars,False,F/1603/P,TRAPPIST-1e,54.0,False,1144.0,140.0,2.0,2.0,0.0,Loss Bake,False
7167,7647_01,Earth,False,G/1240/S,TRAPPIST-1e,24.0,False,0.0,7.0,127.0,639.0,37.0,Eulah Lopelases,False
7306,7816_01,Earth,,F/1497/S,PSO J318.5-22,37.0,False,0.0,925.0,0.0,0.0,0.0,Gordo Mclardson,True
2660,2852_01,Earth,False,G/465/P,,21.0,False,33.0,126.0,0.0,461.0,0.0,Guadae Jeffey,False
8119,8670_01,Earth,True,G/1398/S,PSO J318.5-22,16.0,False,0.0,0.0,0.0,0.0,0.0,Evenna Williotters,True
2094,2239_01,Earth,False,F/439/S,PSO J318.5-22,26.0,False,93.0,0.0,469.0,0.0,0.0,Kencey Franchaney,True
5750,6095_01,Mars,False,D/192/P,TRAPPIST-1e,29.0,False,3564.0,0.0,802.0,0.0,0.0,Crin Rapie,False
2386,2561_01,Earth,False,E/178/S,TRAPPIST-1e,19.0,False,194.0,44.0,0.0,549.0,1.0,Jerek Casonston,False
377,0415_01,Earth,True,G/60/S,TRAPPIST-1e,42.0,False,0.0,0.0,0.0,0.0,0.0,Iney Pierry,False
4117,4395_01,Earth,False,F/905/P,TRAPPIST-1e,23.0,False,0.0,0.0,206.0,681.0,31.0,Fayel Mcfarley,False
3066,3309_01,Earth,False,G/539/P,TRAPPIST-1e,25.0,False,0.0,0.0,762.0,0.0,50.0,Rosiey Wellenez,False
2473,2651_01,Europa,True,B/100/S,55 Cancri e,44.0,False,0.0,0.0,0.0,0.0,0.0,Sarid Geakerat,True
6753,7127_01,Europa,False,B/237/P,TRAPPIST-1e,,False,0.0,4155.0,0.0,1368.0,42.0,Dira Belstrut,False
4102,4373_01,Earth,False,F/822/S,PSO J318.5-22,36.0,False,735.0,0.0,2.0,0.0,0.0,Russey Mejiarkerox,False
7247,7748_02,Europa,False,A/94/S,TRAPPIST-1e,39.0,True,0.0,395.0,0.0,1012.0,1080.0,Almino Obsentork,False
7701,8218_01,Europa,True,B/272/P,TRAPPIST-1e,33.0,False,0.0,0.0,0.0,0.0,0.0,Tauvaah Aloubtled,True
7609,8129_05,Earth,False,E/522/P,TRAPPIST-1e,39.0,False,44.0,1620.0,0.0,6.0,0.0,Rona Casonston,False
3082,3323_02,Europa,True,C/110/P,55 Cancri e,53.0,False,0.0,0.0,0.0,0.0,0.0,Jihoton Fliblerolt,True
7133,7604_02,Mars,,F/1579/P,TRAPPIST-1e,23.0,False,463.0,0.0,658.0,0.0,0.0,Cousk Deeke,False
4414,4689_01,Europa,False,C/182/S,TRAPPIST-1e,28.0,True,0.0,3119.0,0.0,1404.0,366.0,Stra Persoffly,True
3594,3864_01,Europa,True,D/125/S,TRAPPIST-1e,,False,0.0,0.0,0.0,0.0,0.0,Ionium Dertering,True
5787,6130_01,Europa,False,C/189/P,55 Cancri e,33.0,True,0.0,3095.0,0.0,197.0,40.0,Sariton Fatchanble,True
457,0498_02,Europa,True,B/18/S,55 Cancri e,46.0,False,0.0,0.0,0.0,,0.0,Kastrak Preent,True
6988,7430_01,Earth,False,G/1205/S,PSO J318.5-22,24.0,False,549.0,3.0,201.0,0.0,0.0,Isa Vantonson,False
4952,5279_01,Earth,False,G/852/P,TRAPPIST-1e,28.0,False,467.0,,0.0,0.0,307.0,Antony Flynnis,False
7819,8343_01,Earth,False,F/1717/P,TRAPPIST-1e,27.0,False,1403.0,169.0,1081.0,0.0,0.0,Raceky Norrison,False
4287,4568_01,Mars,False,F/940/P,TRAPPIST-1e,42.0,False,4102.0,0.0,36.0,0.0,1825.0,Ples Pamca,False
4432,4710_02,Mars,False,E/293/P,TRAPPIST-1e,,False,179.0,0.0,1805.0,131.0,0.0,Crunde Cread,False
4048,4324_04,Mars,True,F/810/S,55 Cancri e,1.0,False,0.0,0.0,0.0,0.0,0.0,Trion Brie,True
7487,8012_01,Mars,True,F/1531/S,TRAPPIST-1e,24.0,False,0.0,0.0,0.0,0.0,0.0,Camonk Bache,True
5980,6334_02,Earth,True,G/1028/S,PSO J318.5-22,7.0,False,0.0,0.0,0.0,0.0,0.0,Dondy Jenson,True
8551,9130_01,Mars,True,F/1765/S,,41.0,False,0.0,0.0,0.0,0.0,0.0,Blers Corte,True
7564,8085_01,Earth,False,F/1549/S,PSO J318.5-22,35.0,False,635.0,3.0,0.0,,25.0,Nandy Avisley,False
4034,4309_01,Earth,False,E/270/P,TRAPPIST-1e,37.0,False,0.0,0.0,785.0,3.0,0.0,Coracy Whitledges,False
2613,2797_01,Earth,False,F/580/P,TRAPPIST-1e,22.0,False,0.0,0.0,0.0,0.0,1345.0,Violan Burchanez,False
7550,8071_01,Earth,False,F/1546/S,TRAPPIST-1e,53.0,False,0.0,0.0,716.0,0.0,0.0,Olly Klindsey,True
4720,5039_01,Mars,False,F/958/S,TRAPPIST-1e,16.0,False,1285.0,,14.0,1386.0,0.0,Jayrin Bate,False
5925,6285_01,Europa,,B/245/S,55 Cancri e,64.0,False,0.0,0.0,0.0,0.0,0.0,Winonon Whealeed,True
